月収,勤務地_東京,勤務地_大阪,勤務地_名古屋,勤務地_福岡,過去転勤有無,海外勤務経歴,通勤距離,勤続年数,年齢,管理職,性別,結婚,扶養家族有無,残業有無,出張有無,研修受講時間,保有資格数,英語スキル,褒賞有無,遅刻欠勤,やる気,協調性,プレゼンテーションスキル,業務遂行能力,総合評価,働きがい,人間関係,ワークライフバランス,自分の評価への満足度,上司面談有無,定期健診フラグ,ストレスチェック,エンゲージメントスコア
250530 ,1,0,0,0,0,0,16,1,42,0,1,1,1,1,1,6,2,1,1,0,3,4,2,1,5,1,2,2,1,1,1,0,35
388840 ,1,0,0,0,0,0,4,1,46,0,0,1,1,1,1,5,1,5,0,0,2,3,5,4,3,1,1,2,1,0,0,0,39
270330 ,0,0,0,1,0,0,3,9,43,0,0,0,0,1,1,0,6,4,0,0,2,1,4,2,3,4,5,3,1,1,0,0,58
222010 ,0,0,0,1,0,0,7,5,38,0,1,0,0,1,0,7,0,4,1,0,1,3,1,4,2,1,2,1,3,0,0,0,46
314550 ,0,1,0,0,0,0,7,5,28,0,0,1,0,1,1,1,1,2,0,0,2,3,3,3,2,4,2,4,5,1,1,0,63
213720 ,1,0,0,0,0,1,14,3,32,0,0,0,0,1,1,4,6,3,0,0,1,3,2,3,2,4,1,2,1,0,1,0,38
641370 ,1,0,0,0,0,0,11,12,35,1,1,0,0,1,1,7,1,4,0,0,2,4,3,5,3,1,3,1,5,1,0,0,67
268420 ,1,0,0,0,0,0,34,10,43,0,1,1,1,1,1,4,0,4,0,0,3,4,4,4,5,3,2,2,3,0,0,0,52
494020 ,0,1,0,0,0,0,69,4,45,0,0,0,0,1,1,15,0,3,0,0,3,3,2,3,3,3,3,1,4,1,0,1,36
363320 ,0,0,0,1,0,0,7,5,44,0,0,1,1,1,1,6,4,3,0,0,3,5,5,2,3,5,5,3,4,1,0,0,55
310540 ,0,0,0,0,0,1,45,6,28,0,1,1,1,1,1,4,0,4,0,0,5,3,3,4,3,4,5,2,4,1,1,1,45
289910 ,1,0,0,0,0,0,4,2,27,0,0,0,0,1,1,2,2,4,0,0,3,3,5,3,1,2,1,2,1,0,1,0,34
681820 ,1,0,0,0,0,0,2,12,56,1,0,0,0,1,1,1,2,1,1,0,3,3,4,1,1,1,2,4,3,1,0,0,63
267720 ,1,0,0,0,0,0,18,2,25,0,1,0,0,1,0,6,1,4,0,0,1,3,1,3,1,1,3,2,4,0,0,0,52
306930 ,1,0,0,0,0,0,43,2,22,0,1,0,0,1,1,4,0,3,0,0,4,5,1,5,2,4,4,3,5,1,1,0,65
560320 ,0,0,0,0,1,0,30,3,54,1,1,1,1,0,1,1,1,5,0,0,1,4,5,2,3,4,5,1,4,0,0,0,14
290350 ,0,0,1,0,0,0,18,2,34,0,1,0,0,1,1,2,6,2,0,0,1,3,3,1,2,4,5,2,2,0,1,1,15
225050 ,0,1,0,0,0,0,46,9,56,0,1,1,1,1,1,0,5,3,0,0,1,1,4,2,3,2,2,3,2,1,0,0,48
365770 ,0,0,0,0,1,1,40,1,38,0,0,1,1,1,1,6,0,2,0,0,4,3,2,4,2,2,2,1,1,0,1,0,42
444290 ,1,0,0,0,0,0,1,0,39,0,1,1,0,1,1,15,3,3,0,0,2,3,3,3,3,3,3,2,3,1,0,0,60
516640 ,0,0,0,1,1,0,13,2,51,1,1,0,0,0,0,6,3,2,1,0,2,4,4,3,5,4,4,2,3,0,0,1,28
570090 ,0,0,0,1,0,0,2,23,43,1,0,1,1,1,1,2,3,3,0,0,2,2,2,3,2,4,4,2,4,1,0,0,53
617240 ,0,0,1,0,0,0,5,10,32,1,1,0,0,1,1,7,2,3,1,1,2,4,4,2,3,5,4,3,3,1,0,0,51
406330 ,0,0,0,1,1,0,36,10,39,0,0,1,1,1,1,10,3,3,0,0,2,3,5,2,3,4,2,1,2,0,0,0,36
235200 ,1,0,0,0,0,0,34,4,27,0,1,1,1,1,1,17,0,5,0,0,3,3,5,2,1,4,1,1,1,0,0,1,29
294390 ,0,1,0,0,0,0,31,3,26,0,0,1,1,1,1,8,2,5,0,0,1,4,1,2,1,4,3,3,1,1,0,0,60
330410 ,1,0,0,0,0,0,43,3,28,0,1,0,0,1,1,0,1,2,0,0,2,3,4,4,2,2,3,3,1,0,0,1,35
557700 ,0,1,0,0,0,0,4,20,43,1,1,1,1,1,0,17,1,2,0,0,2,4,2,3,3,5,3,3,2,1,0,0,68
271910 ,0,0,0,0,0,0,17,2,39,0,0,0,0,1,1,2,1,1,0,0,5,2,4,3,3,4,5,3,1,1,1,0,49
349590 ,1,0,0,0,0,0,23,7,28,0,1,1,1,1,0,8,5,4,0,0,1,2,1,5,2,5,2,1,3,1,1,0,50
304730 ,0,0,1,0,0,0,15,3,37,0,1,1,1,1,0,4,1,2,0,0,1,4,2,3,2,5,5,5,1,0,1,0,46
343380 ,1,0,0,0,0,0,46,2,24,0,1,0,0,1,1,4,0,2,0,0,3,3,4,1,1,2,1,4,2,1,0,0,42
380700 ,0,1,0,0,0,0,9,20,50,0,0,0,0,1,1,6,1,1,0,0,3,3,3,3,2,3,1,1,1,1,0,0,48
202660 ,0,0,1,0,0,0,8,11,38,0,1,0,0,1,0,12,0,3,0,0,1,4,4,3,1,5,5,4,2,1,0,0,88
298100 ,1,0,0,0,0,0,12,2,43,0,0,0,0,1,1,4,5,2,1,0,3,5,5,1,4,3,2,3,2,0,0,0,46
203840 ,0,1,0,0,0,0,3,10,34,0,0,0,0,0,1,11,3,2,0,0,2,3,2,2,1,1,3,4,2,1,0,0,51
696020 ,1,0,0,0,0,0,7,5,58,1,1,0,0,0,1,2,3,5,0,0,1,2,4,3,3,2,1,4,3,0,0,0,71
497060 ,0,1,0,0,0,1,40,10,45,0,0,0,0,1,1,15,0,5,0,0,1,2,4,1,2,4,3,3,1,1,0,0,49
253120 ,0,0,0,1,0,0,30,9,39,0,1,1,0,0,1,9,1,1,0,0,2,3,3,3,2,4,4,3,5,1,0,0,45
247040 ,0,0,1,0,0,0,9,2,33,0,0,0,0,1,1,0,5,2,0,0,2,3,2,3,1,4,5,3,1,1,0,1,40
348820 ,0,0,1,0,0,0,6,4,42,0,0,1,1,0,1,8,5,3,0,0,5,3,1,2,4,2,5,3,3,0,0,0,57
310130 ,1,0,0,0,0,0,6,1,22,0,1,0,0,1,1,2,1,4,0,1,1,5,5,2,1,3,2,1,3,1,0,0,40
211680 ,1,0,0,0,0,0,2,9,45,0,1,0,0,1,1,5,0,2,0,0,3,4,4,2,5,3,3,2,2,0,1,0,37
365520 ,0,1,0,0,0,0,16,2,25,0,0,0,0,1,1,11,1,1,0,1,1,4,5,3,1,2,2,2,5,1,1,0,32
422650 ,0,0,1,0,0,0,45,4,27,0,1,1,0,1,1,11,0,3,1,0,5,4,2,3,4,3,1,4,3,1,0,1,56
549920 ,1,0,0,0,1,0,55,21,45,1,1,1,1,1,1,3,0,4,0,0,1,4,1,3,2,3,4,3,3,1,0,0,31
295470 ,0,0,0,1,0,0,24,1,23,0,0,0,0,1,1,6,3,2,0,0,4,1,1,2,1,1,2,1,1,0,0,0,34
533890 ,0,0,1,0,0,0,12,2,42,1,1,0,0,1,1,0,3,3,0,0,2,3,2,3,3,5,5,3,4,1,1,0,66
489440 ,0,1,0,0,0,0,47,4,46,0,0,0,0,1,0,9,1,2,0,1,1,5,3,5,2,1,2,3,5,0,1,0,40
215660 ,0,1,0,0,0,0,58,1,38,0,0,0,0,1,1,10,1,1,0,0,2,4,4,4,2,2,3,4,1,1,1,0,59
271730 ,1,0,0,0,0,1,21,1,21,0,1,0,0,1,1,5,3,5,1,0,3,1,3,3,2,2,3,1,2,0,0,0,50
310710 ,1,0,0,0,0,0,31,7,56,0,0,0,0,1,1,15,1,3,0,0,2,3,1,4,3,1,3,2,4,1,0,1,25
284560 ,0,0,1,0,0,0,2,4,26,0,1,0,0,0,1,10,0,5,1,0,3,4,2,3,3,1,5,2,4,1,0,0,75
296970 ,0,0,1,0,1,0,35,3,21,0,0,1,1,1,1,4,0,1,1,0,4,5,5,5,4,3,5,1,5,0,0,0,41
286730 ,1,0,0,0,0,0,5,2,23,0,1,0,0,1,0,13,2,5,0,0,1,4,2,4,2,2,2,2,3,0,0,0,41
551360 ,0,1,0,0,0,1,51,15,57,1,0,1,0,1,1,1,3,4,0,0,2,3,4,3,4,3,1,1,3,1,0,1,41
528330 ,0,0,0,1,0,0,10,3,47,1,0,1,1,1,1,5,2,4,1,0,5,3,2,5,4,2,4,2,1,0,1,0,50
441870 ,1,0,0,0,0,0,86,5,29,0,1,0,0,1,1,1,0,1,0,0,4,3,1,3,3,1,2,3,3,1,0,0,50
353760 ,0,1,0,0,0,1,18,6,35,0,1,0,0,1,0,10,1,4,0,0,1,3,3,4,2,3,3,3,2,1,0,0,43
470950 ,0,0,0,1,0,0,4,21,51,0,0,1,0,1,1,8,1,1,0,0,3,4,3,3,4,1,2,3,3,1,0,0,49
305920 ,0,0,0,1,0,1,33,7,28,0,0,0,0,0,1,3,3,5,0,0,2,5,2,4,2,2,3,3,2,1,0,1,46
250870 ,1,0,0,0,0,0,22,0,22,0,1,1,1,1,1,60,1,1,0,0,1,3,5,3,2,2,1,2,4,1,1,0,62
194560 ,0,0,0,1,0,0,8,12,40,0,1,0,0,1,1,2,5,5,0,0,3,2,5,2,4,1,3,3,4,1,0,0,58
190730 ,1,0,0,0,0,0,3,8,37,0,1,1,1,1,1,6,1,3,1,0,2,5,5,2,4,1,2,3,2,1,0,0,52
442940 ,1,0,0,0,1,0,32,4,34,0,1,0,0,1,1,11,4,5,0,0,2,2,4,2,2,1,2,2,2,0,0,0,35
200230 ,0,0,0,1,0,0,45,21,55,0,1,1,1,1,1,8,0,5,0,0,3,4,2,2,3,3,4,1,2,1,0,0,54
351740 ,0,0,1,0,0,0,17,2,51,0,0,1,0,1,1,2,6,3,0,0,2,5,1,3,4,2,5,3,4,1,1,0,39
329680 ,0,1,0,0,0,0,5,15,35,0,1,1,1,1,1,4,1,4,0,0,3,4,5,4,1,1,3,2,1,1,0,0,52
407620 ,1,0,0,0,0,0,39,13,33,0,1,0,0,1,1,1,1,2,0,0,1,1,1,3,2,1,2,2,5,1,0,0,59
231560 ,1,0,0,0,0,1,8,1,26,0,0,0,0,1,1,3,1,4,0,0,5,1,5,3,3,5,3,1,2,0,0,0,48
409390 ,1,0,0,0,0,0,13,3,39,0,0,1,1,1,1,1,1,4,0,0,3,5,3,2,4,4,3,2,3,0,0,0,47
206780 ,1,0,0,0,0,0,17,10,34,0,0,1,1,1,0,9,1,2,0,0,2,2,5,3,2,1,1,3,4,1,1,0,56
222750 ,1,0,0,0,0,0,23,4,38,0,0,1,1,1,1,3,1,5,0,0,3,5,3,1,3,4,1,2,3,1,0,0,47
247310 ,1,0,0,0,0,0,34,8,28,0,0,0,0,1,1,4,4,3,0,0,3,5,4,5,2,3,4,3,5,1,0,0,64
273010 ,1,0,0,0,0,0,21,6,38,0,1,1,1,0,0,10,3,1,0,0,1,4,1,2,3,3,1,2,5,0,0,0,52
410830 ,0,0,0,1,0,0,23,7,40,0,0,1,1,1,1,6,3,1,0,1,1,4,3,3,3,5,1,4,2,0,1,0,27
554340 ,1,0,0,0,0,0,23,11,31,1,1,0,0,1,1,1,3,5,0,0,1,4,5,2,1,4,3,4,3,1,0,0,43
331830 ,1,0,0,0,0,0,55,0,48,0,0,0,0,1,1,1,0,4,0,0,3,2,5,3,4,1,2,3,4,1,0,1,32
240350 ,1,0,0,0,0,1,38,2,44,0,1,1,1,1,1,2,0,5,0,0,3,5,2,4,4,2,2,2,4,1,0,0,56
306210 ,1,0,0,0,0,0,2,6,30,0,1,0,0,1,1,1,1,3,0,0,3,3,3,5,2,3,2,1,3,1,0,0,39
516040 ,0,0,1,0,0,0,2,3,41,1,0,1,1,1,1,4,4,4,0,0,2,3,3,2,2,5,4,3,4,1,0,0,53
406980 ,1,0,0,0,0,1,3,4,37,0,1,1,1,1,1,1,2,4,0,0,3,2,5,3,3,2,4,3,1,0,1,0,49
478880 ,0,1,0,0,0,0,2,2,38,0,0,1,1,1,1,6,3,4,0,0,2,3,3,4,2,2,3,3,3,1,1,0,52
236810 ,1,0,0,0,0,0,44,3,23,0,1,0,0,1,1,7,0,4,0,0,2,3,5,3,1,3,1,1,1,0,0,0,35
258610 ,1,0,0,0,0,0,24,6,50,0,0,0,0,1,1,11,2,4,0,0,3,3,5,2,3,1,2,3,5,1,0,0,56
503160 ,0,1,0,0,0,0,3,15,54,1,0,0,0,0,0,8,7,5,0,0,2,2,1,3,2,4,3,5,2,1,0,0,82
454990 ,0,1,0,0,0,1,14,3,38,0,1,1,1,0,1,10,2,5,0,0,1,3,4,3,2,4,2,5,1,0,0,0,59
526970 ,0,0,0,1,0,1,2,0,50,1,0,1,1,1,1,60,4,2,0,0,2,2,3,3,4,3,4,1,2,1,0,0,48
398280 ,0,1,0,0,0,0,37,7,39,0,1,0,0,1,1,3,2,1,0,0,4,3,2,3,1,1,1,2,1,0,1,1,26
575400 ,1,0,0,0,0,1,17,3,41,1,0,1,1,1,1,7,2,4,1,0,2,1,3,3,5,1,2,3,2,0,0,0,58
271390 ,0,0,0,1,0,0,3,5,34,0,0,0,0,1,0,7,1,2,0,0,2,3,3,3,2,4,5,2,1,1,0,0,42
211330 ,0,0,0,1,0,1,39,10,51,0,0,0,0,1,1,9,2,5,1,0,3,1,5,3,4,3,1,3,4,1,0,0,66
396530 ,0,0,0,1,0,0,11,7,37,0,0,1,0,1,1,4,0,2,1,0,4,3,2,1,2,5,5,3,3,1,0,1,58
441140 ,1,0,0,0,1,0,20,10,49,0,1,1,1,1,1,12,0,1,0,0,1,3,1,3,1,1,1,1,1,0,0,0,36
380440 ,0,0,1,0,0,0,21,9,34,0,1,0,0,1,1,10,6,2,0,0,2,3,5,3,2,5,5,5,3,1,0,0,69
312410 ,1,0,0,0,0,0,4,9,35,0,1,0,0,1,1,0,1,3,0,0,3,4,1,3,3,4,2,3,2,0,1,0,52
407930 ,1,0,0,0,1,0,14,2,26,0,1,1,0,1,1,6,0,4,0,1,2,1,2,3,1,2,1,3,2,0,0,0,30
418250 ,0,0,0,0,0,1,23,7,42,0,0,0,0,1,1,10,6,4,0,0,3,3,3,4,4,2,5,1,2,1,1,0,60
272330 ,1,0,0,0,0,0,4,5,50,0,1,1,1,1,1,16,2,1,0,0,1,4,3,4,2,2,1,3,1,0,0,0,38
512870 ,0,0,1,0,0,1,5,5,27,1,1,0,0,0,1,4,1,4,0,0,3,3,1,3,1,3,5,5,4,0,0,0,54
282890 ,0,0,0,0,0,0,23,26,45,0,1,1,1,0,1,7,1,4,0,0,1,4,3,3,1,5,5,2,2,1,0,0,65
288880 ,0,0,0,1,0,0,5,2,55,0,1,1,1,1,1,11,1,1,1,0,3,4,4,1,5,1,4,2,1,1,0,0,44
508790 ,0,0,1,0,0,0,5,25,50,1,0,1,1,1,1,23,0,3,0,0,3,4,3,1,2,5,5,5,1,1,0,0,53
568790 ,1,0,0,0,0,0,2,2,53,1,1,0,0,1,1,4,1,2,0,0,1,3,2,3,2,2,1,3,3,1,1,0,46
641470 ,0,0,0,1,0,1,13,9,42,1,1,1,0,1,1,10,0,4,1,0,3,4,1,4,5,1,2,2,3,1,0,0,49
310790 ,1,0,0,0,0,0,15,8,30,0,1,0,0,1,1,4,1,2,0,0,3,2,3,3,2,1,2,1,3,0,1,1,22
448480 ,0,0,1,0,0,1,37,9,42,0,1,0,0,1,1,0,2,5,0,0,3,5,5,1,1,5,5,4,1,1,0,0,63
308470 ,0,1,0,0,0,1,59,9,52,0,0,1,1,0,1,10,0,4,0,0,3,1,1,5,4,1,3,1,2,1,0,0,20
209720 ,1,0,0,0,0,0,15,10,56,0,0,1,1,1,1,2,6,3,0,0,2,5,2,1,4,1,1,1,2,0,1,0,39
276420 ,1,0,0,0,0,0,4,12,38,0,1,1,1,0,1,7,6,3,1,0,1,2,5,3,2,2,2,3,4,1,0,0,89
256170 ,0,0,1,0,0,0,37,1,26,0,0,0,0,1,1,9,0,1,0,0,1,1,4,3,1,2,5,3,2,1,0,0,49
194760 ,0,0,0,1,0,0,13,7,38,0,1,1,1,1,1,7,2,1,1,0,2,5,2,3,5,1,4,3,2,0,0,1,38
350030 ,1,0,0,0,0,0,55,11,36,0,1,0,0,1,1,6,0,5,1,0,5,3,5,2,3,5,3,1,5,1,1,0,51
252810 ,0,0,0,1,0,0,7,11,37,0,1,0,0,1,1,2,0,2,0,0,1,2,1,1,2,3,3,1,3,0,0,0,38
320490 ,1,0,0,0,0,1,40,1,44,0,1,0,0,1,1,14,1,5,0,0,1,5,4,2,2,1,2,3,2,1,0,1,36
324390 ,0,0,0,1,0,0,3,4,29,0,1,0,0,1,1,1,1,3,0,0,3,4,3,1,1,3,4,4,1,1,0,0,52
1034940 ,0,0,0,1,0,0,34,3,41,1,1,0,0,1,1,0,2,4,0,0,3,3,3,3,2,4,3,3,3,0,0,0,44
210240 ,1,0,0,0,0,0,51,4,28,0,1,1,1,1,1,7,1,5,0,0,4,4,1,3,2,3,1,2,1,0,1,0,46
261260 ,0,0,1,0,0,0,36,3,35,0,1,0,0,1,1,15,2,1,0,1,2,3,1,5,2,3,5,5,4,1,0,1,37
382240 ,1,0,0,0,0,0,11,2,25,0,1,0,0,1,1,0,1,3,0,0,2,3,5,3,2,3,2,2,3,0,0,0,34
446160 ,1,0,0,0,0,0,11,16,44,0,1,1,1,1,1,3,0,3,0,0,3,4,3,3,2,1,2,2,3,1,0,0,49
309450 ,0,0,1,0,0,0,3,10,41,0,0,1,1,1,1,3,6,1,0,0,3,4,1,3,3,5,5,2,1,0,0,1,47
377520 ,0,1,0,0,1,0,24,1,35,0,0,1,1,1,1,0,1,5,0,0,2,2,3,3,3,2,3,3,5,0,0,0,35
218410 ,0,1,0,0,0,1,16,9,37,0,0,1,0,1,1,8,0,5,0,0,3,1,4,3,1,1,3,1,3,0,1,0,41
311700 ,1,0,0,0,0,0,8,6,53,0,1,1,1,1,1,6,2,3,0,0,1,3,2,5,2,4,2,3,2,1,0,0,39
319710 ,1,0,0,0,0,0,57,4,30,0,0,1,1,1,0,9,0,5,0,0,2,4,2,4,1,3,2,3,1,1,1,0,57
419750 ,0,1,0,0,0,0,5,14,54,0,0,0,0,1,1,10,1,1,0,0,3,5,5,4,2,4,3,1,5,0,1,0,31
390200 ,1,0,0,0,0,0,2,2,27,0,1,0,0,1,1,5,4,4,0,0,1,1,1,4,2,2,2,2,3,0,0,0,49
312260 ,0,1,0,0,0,0,8,7,41,0,1,1,1,1,0,13,3,3,0,0,1,4,3,2,1,1,3,2,1,1,0,0,50
351200 ,0,1,0,0,0,0,3,2,35,0,1,1,0,1,1,17,1,5,0,0,1,3,2,3,3,4,3,1,5,0,0,0,56
254410 ,1,0,0,0,0,0,2,10,34,0,1,0,0,1,1,0,1,4,0,0,1,5,3,5,1,3,2,3,2,0,1,0,51
365190 ,0,0,0,1,0,0,48,3,33,0,1,1,0,1,1,0,1,1,0,0,2,2,1,3,2,4,3,4,4,0,0,0,61
453640 ,0,0,0,1,0,0,7,5,34,0,0,0,0,0,1,11,1,4,0,0,3,2,3,2,1,2,5,3,2,1,0,0,67
297870 ,1,0,0,0,0,1,12,2,34,0,0,0,0,1,1,9,1,5,0,0,2,4,2,2,2,5,5,1,4,1,1,1,51
590560 ,0,0,0,1,0,1,5,0,34,1,0,0,0,1,1,4,1,2,1,0,2,4,1,3,2,5,4,3,3,0,0,0,64
691620 ,1,0,0,0,0,1,3,8,49,1,0,1,1,1,1,11,1,4,0,0,4,3,5,3,3,1,2,2,5,0,1,0,43
196410 ,0,0,0,0,0,0,63,11,40,0,1,1,1,1,1,9,3,3,0,0,2,3,5,1,2,4,5,1,3,1,0,1,39
823480 ,1,0,0,0,0,0,8,3,47,1,0,1,1,1,1,1,0,1,0,0,3,2,5,3,3,2,2,4,2,0,0,0,37
259200 ,1,0,0,0,0,1,57,11,32,0,0,1,1,0,1,8,1,5,1,1,2,3,4,3,2,4,3,2,1,1,0,0,67
237430 ,1,0,0,0,0,0,60,10,41,0,0,1,1,1,0,10,2,5,0,0,3,3,2,1,3,3,1,2,1,0,0,0,33
229740 ,1,0,0,0,0,0,9,5,28,0,1,1,1,1,1,9,1,1,0,0,3,5,4,5,3,3,5,3,4,1,0,0,45
230630 ,0,0,0,1,0,0,47,3,28,0,1,1,1,0,1,2,2,3,1,0,2,3,3,3,2,3,4,2,1,1,0,0,56
458330 ,0,0,0,1,0,0,17,17,45,0,1,0,0,1,1,8,4,4,0,0,3,2,3,3,1,1,2,4,3,1,0,0,49
277510 ,0,0,0,1,0,0,5,2,33,0,1,0,0,1,1,4,1,1,0,0,1,5,5,5,2,1,2,3,3,1,1,0,51
368560 ,1,0,0,0,0,0,15,8,32,0,1,1,1,1,1,17,1,5,1,0,2,5,1,3,2,2,1,3,3,1,0,0,56
454880 ,0,0,0,1,0,0,8,10,38,0,1,1,1,0,1,5,1,1,0,0,4,4,2,3,2,5,3,2,1,1,0,0,48
290530 ,1,0,0,0,0,0,49,6,38,0,1,1,1,1,1,2,0,3,0,0,2,3,3,3,3,5,2,3,3,1,0,1,40
228290 ,1,0,0,0,0,0,7,3,26,0,1,0,0,1,1,7,4,3,0,0,2,5,1,4,3,1,2,3,2,0,0,0,37
307810 ,1,0,0,0,0,1,16,3,36,0,0,1,1,1,1,5,1,5,0,0,2,2,2,3,1,4,1,3,2,1,0,0,54
423470 ,0,0,1,0,0,0,9,6,49,0,0,1,1,1,1,5,1,1,1,0,4,4,3,4,3,2,1,3,3,1,1,0,53
393410 ,1,0,0,0,0,0,16,0,39,0,1,0,0,1,1,6,4,1,0,0,3,3,5,4,3,2,4,3,5,1,1,0,63
269640 ,1,0,0,0,0,1,17,3,39,0,0,0,0,1,1,4,1,4,0,0,3,3,1,3,2,2,2,4,3,1,0,0,60
325360 ,1,0,0,0,0,1,2,7,26,0,1,0,0,1,1,10,1,4,0,0,3,3,1,2,2,2,1,2,3,1,1,0,57
441260 ,0,0,1,0,0,0,17,13,33,0,0,1,1,1,0,3,0,2,1,1,2,5,2,3,1,3,5,5,1,0,0,0,51
618220 ,0,0,0,1,0,0,56,22,53,1,1,1,1,1,1,7,2,5,0,0,1,4,3,5,2,2,3,2,1,1,0,1,29
422790 ,0,0,0,1,0,1,40,6,41,0,1,0,0,1,1,8,5,5,0,0,2,3,5,3,2,2,5,4,3,0,0,0,62
382210 ,1,0,0,0,0,0,49,4,32,0,1,1,1,1,1,3,6,3,0,0,2,2,4,3,2,1,3,3,4,1,0,1,50
271600 ,1,0,0,0,0,0,2,4,43,0,0,0,0,1,1,7,5,3,0,0,4,1,4,3,2,1,2,2,1,1,0,0,50
280420 ,1,0,0,0,0,0,7,8,39,0,1,0,0,1,1,1,3,1,0,0,1,3,1,2,2,4,2,4,1,1,0,0,54
230670 ,0,1,0,0,1,0,3,4,40,0,0,1,0,1,1,6,1,3,0,0,3,4,5,3,2,1,3,3,3,0,1,0,43
233790 ,1,0,0,0,0,0,17,13,36,0,1,0,0,1,1,2,1,2,0,0,4,2,1,3,2,3,1,3,2,1,0,0,42
301430 ,0,0,0,1,0,0,19,2,26,0,1,0,0,1,1,1,4,1,0,0,2,3,3,4,1,1,3,1,4,0,0,0,34
270940 ,1,0,0,0,0,1,16,11,38,0,0,0,0,1,1,5,5,4,0,0,2,2,2,3,4,5,3,2,4,1,0,0,59
448940 ,0,0,0,0,0,1,32,3,25,0,1,0,0,0,1,0,4,5,0,0,2,3,4,3,2,1,5,1,3,0,0,1,39
353020 ,0,1,0,0,0,0,50,5,31,0,1,0,0,1,1,1,0,4,0,0,3,3,4,1,2,1,4,4,1,0,0,0,39
287240 ,1,0,0,0,0,0,4,3,46,0,1,1,0,1,1,7,4,2,0,0,2,3,5,2,5,1,3,1,4,1,0,0,45
276740 ,0,1,0,0,0,0,32,6,32,0,0,0,0,1,0,18,3,5,1,0,2,3,3,4,3,5,2,3,1,1,1,0,40
557120 ,0,1,0,0,1,0,26,18,44,1,0,1,1,0,1,1,2,3,0,0,1,5,5,2,3,4,3,2,3,0,0,0,56
337010 ,0,0,0,0,0,0,48,1,23,0,0,1,0,1,1,8,4,3,0,0,2,2,1,3,1,1,1,2,3,1,0,1,38
239060 ,0,0,0,1,1,0,46,8,32,0,1,0,0,1,1,10,1,1,0,0,2,4,3,3,2,5,5,1,4,0,0,0,34
288860 ,1,0,0,0,0,0,8,3,27,0,1,1,0,1,1,9,2,1,0,0,3,5,4,3,1,1,1,1,2,0,1,0,31
539330 ,0,0,1,0,0,0,37,14,38,1,0,0,0,1,1,7,3,5,0,0,3,5,1,3,2,2,5,2,1,1,1,0,62
475210 ,0,1,0,0,1,1,9,3,28,0,0,0,0,1,1,1,3,5,0,0,3,3,2,2,2,5,3,3,2,1,0,0,46
413600 ,1,0,0,0,0,0,12,9,36,0,1,0,0,1,1,0,2,2,0,0,3,2,5,4,3,1,1,1,3,0,0,0,35
226910 ,1,0,0,0,0,0,29,5,41,0,1,0,0,1,1,10,2,4,0,0,3,3,4,1,2,1,1,2,2,1,1,0,51
281950 ,0,0,0,1,0,0,32,6,33,0,0,1,1,1,1,22,3,2,1,0,3,4,5,1,4,2,4,3,4,0,0,1,40
398070 ,0,0,0,1,0,0,44,2,31,0,0,1,1,0,1,1,1,3,0,0,3,5,5,3,1,1,3,3,2,1,0,0,54
219200 ,1,0,0,0,0,0,32,5,38,0,1,1,0,1,0,9,1,2,0,0,1,3,1,3,2,1,5,2,1,0,0,0,59
259540 ,0,1,0,0,0,1,4,6,43,0,1,0,0,1,1,2,0,5,0,0,3,3,2,5,4,3,2,2,3,1,0,0,44
378060 ,0,0,1,0,0,1,3,6,46,0,1,0,0,1,1,10,3,5,0,0,2,5,2,1,3,4,5,3,1,0,0,0,59
226330 ,0,0,0,1,0,0,7,2,57,0,1,0,0,0,1,2,2,2,1,0,3,3,5,3,4,1,1,1,2,0,0,0,43
427020 ,0,0,1,0,0,0,49,3,33,0,0,1,1,1,1,4,4,1,0,0,2,3,4,2,2,2,4,2,1,0,0,1,28
620590 ,1,0,0,0,0,0,25,4,28,1,1,0,0,1,0,11,6,1,1,0,1,2,1,3,2,1,1,2,1,0,0,0,47
443020 ,0,0,0,1,0,0,29,4,24,0,0,0,0,1,1,4,5,4,1,0,1,2,4,3,3,4,2,3,2,1,0,0,51
407500 ,0,0,1,0,0,0,35,3,24,0,1,1,1,1,1,9,5,5,0,0,3,5,5,2,2,4,4,2,2,1,1,1,38
371420 ,0,1,0,0,0,1,2,1,32,0,0,1,1,0,1,13,3,3,0,0,3,4,3,4,3,1,2,3,2,1,0,0,61
458350 ,0,0,0,1,0,0,7,2,44,0,0,1,0,1,1,7,2,2,0,0,4,3,5,4,1,2,4,1,3,1,0,0,50
434550 ,1,0,0,0,0,0,11,3,34,0,1,0,0,1,1,1,3,2,1,0,5,3,4,3,2,3,3,3,2,0,0,0,49
275770 ,1,0,0,0,0,0,11,17,38,0,0,0,0,1,1,5,4,2,0,0,1,5,4,2,2,4,2,3,1,1,0,0,49
494190 ,1,0,0,0,0,1,1,9,44,0,1,1,0,1,1,12,1,5,0,0,2,3,3,4,2,2,1,3,3,0,1,0,42
190770 ,0,1,0,0,0,0,15,13,32,0,0,0,0,1,1,1,1,3,1,0,4,4,2,3,3,1,3,3,2,1,1,0,54
297140 ,1,0,0,0,0,0,60,1,28,0,1,0,0,1,1,1,0,1,0,0,2,3,1,3,2,1,2,2,4,1,1,1,40
197600 ,0,0,1,0,0,0,16,0,27,0,1,0,0,1,1,18,2,5,0,0,2,1,1,2,2,2,5,4,2,0,1,0,37
247730 ,0,1,0,0,0,0,25,12,31,0,0,0,0,1,1,3,0,1,0,0,2,2,2,3,2,3,4,2,1,1,0,1,39
250220 ,1,0,0,0,0,0,13,6,27,0,0,1,1,1,1,2,1,1,0,1,1,4,1,4,1,2,1,3,1,1,0,0,31
217030 ,0,0,1,0,0,0,20,6,39,0,0,1,1,1,1,7,0,5,0,0,3,5,1,2,2,3,4,5,3,0,1,0,56
224820 ,1,0,0,0,0,0,4,8,28,0,0,0,0,0,1,6,1,3,0,0,3,5,2,1,1,1,3,2,2,1,0,0,66
263720 ,0,0,0,1,1,0,48,6,33,0,0,0,0,0,1,2,2,1,0,0,5,3,2,3,2,3,3,1,2,1,0,0,45
494850 ,0,1,0,0,0,0,25,10,32,0,1,1,1,1,1,5,2,1,0,0,2,2,1,3,2,3,3,2,4,1,0,0,60
214130 ,0,0,1,0,0,1,42,2,34,0,0,1,1,1,1,10,0,4,0,0,1,5,3,3,2,4,5,2,3,0,1,1,43
457730 ,0,1,0,0,0,0,33,5,25,0,1,0,0,1,1,0,5,5,0,0,1,2,4,3,1,1,3,3,1,1,0,0,46
431540 ,0,1,0,0,0,0,19,13,46,0,0,0,0,1,1,8,6,5,0,0,2,3,5,3,4,3,5,3,2,1,0,0,57
429180 ,0,0,0,1,0,0,20,14,35,0,0,1,1,1,1,3,2,1,0,0,2,3,3,3,2,4,3,2,3,1,0,0,50
498270 ,1,0,0,0,0,0,48,0,31,0,0,0,0,1,1,10,0,3,1,0,4,1,4,2,2,3,1,3,3,1,0,1,32
484210 ,0,0,0,1,0,0,6,3,35,0,0,1,0,1,1,0,3,2,1,0,2,2,1,4,3,1,3,2,4,1,1,0,65
295190 ,0,0,0,1,0,0,34,3,24,0,0,1,1,0,1,3,6,3,1,0,1,3,1,3,3,1,3,2,3,1,0,0,65
480310 ,0,1,0,0,0,0,41,11,32,0,0,0,0,1,1,4,0,5,0,0,3,3,5,3,3,1,2,1,3,1,0,0,38
473820 ,0,0,1,0,0,0,53,10,31,0,0,1,1,1,1,10,2,1,0,0,3,4,1,2,3,4,1,4,1,1,0,0,52
443820 ,0,0,0,1,0,1,16,4,32,0,1,1,1,1,0,13,3,3,0,0,1,4,5,3,1,2,3,3,1,1,1,0,61
282100 ,0,0,1,0,0,0,45,5,53,0,1,1,1,1,1,0,1,5,0,0,3,2,3,3,2,5,5,4,1,1,0,0,58
215160 ,1,0,0,0,0,0,6,1,27,0,0,1,1,1,1,6,6,4,0,0,3,3,5,3,1,5,5,3,1,1,0,0,47
247130 ,1,0,0,0,0,0,5,10,30,0,1,1,1,1,1,4,3,3,0,0,4,2,5,3,3,1,1,1,2,0,0,0,41
361340 ,0,0,1,0,0,0,10,2,34,0,0,1,1,1,1,5,3,3,0,0,4,4,3,3,1,3,5,3,2,1,0,0,59
433300 ,1,0,0,0,0,0,22,2,28,0,1,0,0,1,1,4,1,3,1,1,4,1,2,2,4,1,1,2,2,0,1,1,28
268700 ,1,0,0,0,0,0,23,4,45,0,1,1,1,1,1,1,5,5,0,0,4,3,4,2,3,3,1,2,3,0,1,0,35
574120 ,0,0,0,0,0,0,43,20,44,1,0,1,1,1,1,9,1,3,1,0,2,5,5,5,5,5,5,3,5,1,1,1,52
332380 ,1,0,0,0,0,0,78,2,39,0,1,1,1,1,1,15,3,2,0,0,3,3,2,4,1,2,2,1,2,1,0,0,41
301720 ,0,1,0,0,0,0,15,2,26,0,0,0,0,1,1,1,0,4,0,0,2,4,2,2,2,4,4,3,3,1,0,0,51
464390 ,1,0,0,0,0,0,8,10,46,0,1,1,1,1,0,6,2,1,0,0,1,3,1,3,2,1,1,2,1,0,1,0,42
372380 ,1,0,0,0,0,0,3,12,51,0,1,1,0,1,1,2,4,1,0,0,4,2,3,3,3,1,1,1,1,1,0,0,46
391140 ,1,0,0,0,0,1,37,1,40,0,1,0,0,1,1,13,4,5,0,0,3,3,4,3,1,1,5,1,1,0,1,1,33
385740 ,0,0,0,1,0,1,27,3,25,0,1,0,0,1,1,3,1,5,0,0,4,5,5,3,3,4,5,5,3,1,0,0,79
269780 ,1,0,0,0,0,1,1,3,26,0,1,0,0,1,1,0,1,5,0,0,3,4,4,3,2,2,2,1,2,0,1,0,34
340390 ,0,0,0,0,0,0,65,4,25,0,1,0,0,1,1,5,1,4,0,0,1,3,4,4,2,5,5,1,4,1,0,0,43
296680 ,0,0,0,1,0,0,22,3,43,0,1,1,1,0,1,10,2,3,0,0,1,2,4,1,1,1,1,1,4,0,0,0,45
496050 ,0,0,0,1,0,0,2,2,27,0,0,0,0,1,1,2,3,3,0,0,3,3,1,3,1,3,3,3,1,1,0,0,60
244140 ,0,1,0,0,0,1,8,2,49,0,1,1,1,1,1,13,0,5,1,0,5,2,2,2,4,1,2,2,4,1,0,0,52
207840 ,0,1,0,0,0,0,4,3,31,0,0,0,0,1,1,2,0,1,1,1,3,2,1,2,3,2,2,1,1,0,0,0,32
305850 ,0,0,0,1,0,0,13,2,27,0,0,0,0,0,1,4,1,3,0,0,3,2,5,2,2,2,1,3,2,1,0,0,47
612370 ,1,0,0,0,0,0,2,6,38,1,1,0,0,1,1,4,0,5,1,0,2,4,4,4,2,1,1,3,2,1,0,0,60
203720 ,0,0,1,0,0,1,4,21,42,0,1,1,1,1,0,2,6,4,1,0,1,5,4,1,2,4,5,3,4,1,0,0,71
534020 ,1,0,0,0,0,0,25,9,30,1,1,0,0,1,0,8,0,3,0,0,2,3,5,2,2,1,2,2,1,1,0,0,49
283070 ,0,0,0,1,0,0,23,3,29,0,1,1,1,1,1,2,3,2,0,0,5,3,1,2,3,3,3,3,1,1,0,0,52
337630 ,1,0,0,0,0,0,9,3,33,0,0,0,0,1,1,5,1,3,0,0,2,4,2,3,3,1,2,3,2,0,0,0,36
472240 ,0,1,0,0,0,1,2,3,40,0,1,0,0,1,1,11,0,5,0,0,2,4,4,2,2,5,4,5,2,1,1,0,55
200120 ,1,0,0,0,0,0,18,9,32,0,1,0,0,1,1,16,3,2,1,0,3,3,3,1,1,2,1,2,1,1,1,0,44
492970 ,1,0,0,0,0,0,13,2,34,0,1,0,0,1,1,4,0,5,0,1,3,5,2,4,3,3,1,1,2,1,1,0,29
239180 ,1,0,0,0,0,0,4,1,44,0,0,0,0,1,1,9,5,5,0,0,2,3,1,2,2,5,1,2,2,1,0,0,49
430320 ,1,0,0,0,0,0,5,10,45,0,0,0,0,1,1,7,6,5,0,0,3,1,1,2,2,2,5,3,2,1,0,0,57
207070 ,0,1,0,0,0,0,3,1,50,0,1,1,0,1,1,0,0,1,1,0,3,5,3,4,4,1,3,3,3,0,0,0,57
198570 ,0,1,0,0,1,0,11,2,24,0,1,0,0,1,0,12,4,2,0,0,2,3,5,3,1,1,2,3,1,0,1,0,39
244720 ,0,1,0,0,0,0,5,3,40,0,0,0,0,1,1,6,2,5,0,0,2,3,5,3,2,4,3,3,2,1,1,0,66
199090 ,0,1,0,0,0,0,23,2,24,0,0,0,0,1,1,10,4,3,0,0,3,4,2,5,1,1,3,2,4,1,0,0,56
334490 ,1,0,0,0,0,1,1,5,46,0,1,1,1,1,1,4,2,5,0,0,4,2,3,5,3,1,3,2,2,0,0,0,49
222510 ,0,0,1,0,0,1,40,9,41,0,0,0,0,0,1,1,5,5,1,0,1,2,5,3,1,3,5,4,1,1,0,0,80
357390 ,0,0,0,1,0,0,3,1,32,0,1,0,0,1,1,19,2,3,0,0,3,5,3,4,3,3,3,2,1,0,0,0,43
300770 ,1,0,0,0,0,0,12,1,57,0,0,1,1,1,1,8,0,2,0,0,3,5,5,5,2,1,5,2,4,1,1,1,39
654450 ,1,0,0,0,0,0,46,11,42,1,1,1,1,0,0,4,2,4,0,0,1,3,4,5,2,1,2,1,2,0,1,0,37
397830 ,0,0,0,1,1,0,8,13,32,0,0,0,0,1,1,6,0,5,0,0,4,3,5,3,2,5,5,2,1,0,0,0,35
275400 ,1,0,0,0,0,1,23,4,55,0,0,1,1,1,1,4,3,4,1,0,3,5,1,2,5,2,2,3,4,0,1,0,37
258450 ,1,0,0,0,0,0,4,2,45,0,0,0,0,1,1,9,2,1,1,0,2,3,2,3,4,3,1,3,2,1,1,0,50
234620 ,1,0,0,0,0,0,13,2,23,0,1,1,1,1,1,4,2,3,0,0,2,2,1,4,3,1,2,3,4,1,0,0,41
329070 ,1,0,0,0,0,0,25,10,30,0,1,0,0,1,1,0,0,4,0,1,2,3,3,1,1,2,2,2,1,0,0,0,35
418320 ,1,0,0,0,0,0,22,5,39,0,0,0,0,1,1,4,1,4,0,0,1,4,3,3,2,1,2,1,2,0,1,0,41
347010 ,0,1,0,0,0,0,28,6,38,0,0,1,1,1,1,14,3,1,0,0,2,4,1,3,3,1,3,2,2,1,0,0,47
228390 ,1,0,0,0,0,0,64,8,33,0,0,0,0,1,1,8,0,1,1,0,2,4,5,4,3,1,3,3,4,0,0,0,56
395380 ,0,0,0,1,0,0,34,1,45,0,1,1,1,1,1,54,1,1,1,0,2,3,3,2,5,4,4,3,3,1,0,0,52
241180 ,0,1,0,0,0,0,3,2,45,0,1,1,1,0,1,4,1,5,0,0,2,3,1,3,2,1,2,2,1,1,0,0,50
193440 ,1,0,0,0,0,0,49,5,58,0,0,0,0,1,1,9,3,5,0,0,3,3,3,3,5,1,5,1,5,1,0,1,54
411080 ,0,0,0,1,0,0,17,4,49,0,1,1,1,1,1,48,3,4,0,0,3,4,5,1,3,2,4,4,1,1,1,0,63
345020 ,0,1,0,0,1,0,21,19,41,0,0,1,1,1,1,0,5,4,0,0,2,4,4,3,2,2,2,4,1,1,1,0,33
354620 ,0,1,0,0,0,1,10,13,57,0,1,1,1,1,1,4,2,5,0,0,3,3,5,5,2,4,2,1,1,1,0,0,42
353080 ,0,0,0,1,0,0,49,10,47,0,0,0,0,1,1,9,4,2,0,0,3,5,3,2,4,1,3,2,2,0,0,1,35
242960 ,1,0,0,0,0,0,13,7,28,0,1,0,0,1,1,1,3,5,1,0,5,3,1,3,4,4,1,2,3,0,0,0,56
280040 ,0,0,1,0,0,1,23,6,32,0,0,1,1,1,1,10,0,5,0,0,2,1,2,2,3,2,4,1,5,0,1,1,40
217410 ,0,0,0,1,0,0,33,7,33,0,0,0,0,1,1,9,1,5,0,0,2,3,4,3,2,1,3,3,3,0,0,0,40
235790 ,0,1,0,0,0,0,8,4,27,0,1,1,0,1,1,9,1,4,0,0,4,3,2,3,3,2,3,2,2,1,0,0,44
493520 ,1,0,0,0,0,0,8,8,32,0,0,0,0,1,1,10,1,4,0,0,2,2,3,5,2,4,1,2,1,1,0,0,60
317660 ,0,0,1,0,0,0,73,1,36,0,1,1,0,1,1,18,1,2,0,0,1,4,4,2,2,3,3,3,2,0,1,1,48
259100 ,1,0,0,0,0,0,4,5,55,0,0,1,1,0,1,5,1,4,0,0,2,3,4,2,1,1,1,2,1,1,0,0,50
289270 ,0,0,0,1,1,0,8,4,40,0,0,0,0,1,1,5,1,4,0,0,2,3,2,3,3,1,5,2,5,1,0,0,44
527360 ,0,0,0,0,0,0,28,6,48,1,1,1,1,1,1,3,2,3,0,0,5,2,1,4,2,3,3,3,3,1,0,0,47
469080 ,0,0,0,1,1,1,2,7,27,0,1,1,1,0,1,12,3,5,0,0,2,3,1,3,2,5,3,4,1,1,0,0,57
221060 ,0,1,0,0,0,0,7,6,32,0,0,1,1,1,0,9,5,3,0,0,1,4,4,4,2,4,3,1,5,1,0,0,48
383510 ,1,0,0,0,0,0,57,1,29,0,1,0,0,1,1,2,6,2,0,0,5,4,3,3,2,1,2,3,3,1,0,0,50
361430 ,0,1,0,0,0,0,57,1,47,0,1,1,1,1,1,54,0,2,0,0,3,3,5,4,2,5,2,3,1,1,0,0,57
428630 ,0,1,0,0,1,0,3,4,37,0,0,1,1,1,1,0,2,5,0,0,2,3,2,3,3,1,2,2,4,1,0,0,32
450110 ,0,0,0,1,0,0,56,16,43,0,1,0,0,1,1,0,2,2,0,0,1,3,4,4,3,4,3,2,2,0,0,0,42
232820 ,0,1,0,0,0,1,1,0,38,0,1,1,0,1,1,1,3,5,0,0,2,3,4,3,2,1,3,3,2,1,0,0,44
413040 ,0,0,0,1,0,0,38,4,23,0,0,1,1,0,1,3,0,3,0,0,3,2,3,3,1,5,3,2,1,1,0,0,68
242020 ,0,1,0,0,0,1,46,8,28,0,0,1,1,1,1,0,3,5,0,0,2,3,4,1,3,2,3,4,4,1,1,0,56
193890 ,0,1,0,0,0,0,8,10,35,0,1,0,0,1,0,5,2,1,0,0,1,3,5,5,2,1,3,2,1,1,0,0,44
216400 ,1,0,0,0,0,0,11,5,38,0,0,1,1,1,1,10,0,5,0,0,3,4,3,3,3,3,2,1,1,1,1,0,47
237940 ,1,0,0,0,0,0,47,6,33,0,0,1,1,1,1,15,2,3,1,0,4,4,3,5,3,2,2,1,5,0,0,0,51
343440 ,1,0,0,0,0,0,43,4,37,0,1,1,1,1,1,5,1,4,0,0,3,3,5,4,2,1,1,3,1,0,0,0,48
251860 ,0,0,1,0,0,1,10,8,50,0,1,0,0,1,0,3,0,5,0,0,1,3,1,2,1,1,3,3,4,1,1,0,68
411470 ,0,0,0,1,0,0,7,5,28,0,1,1,1,1,1,10,0,4,0,0,4,3,3,3,3,5,3,2,1,1,0,0,44
297170 ,1,0,0,0,0,0,35,5,26,0,1,0,0,1,0,10,1,3,0,0,2,2,5,1,1,2,2,1,3,1,0,0,44
508720 ,0,0,1,0,0,0,71,11,42,1,1,0,0,1,1,3,0,5,0,0,1,3,1,3,1,5,4,5,3,1,0,0,59
204250 ,1,0,0,0,0,0,3,3,23,0,1,0,0,1,1,4,2,1,0,0,4,3,2,3,3,1,1,2,2,1,0,0,54
202610 ,1,0,0,0,0,1,8,4,29,0,0,0,0,1,1,7,4,2,0,0,1,4,4,4,2,1,2,2,2,0,0,0,37
227890 ,0,0,0,0,0,0,22,5,44,0,0,1,1,1,1,11,0,3,0,0,3,1,4,3,3,3,5,2,5,1,0,1,30
398840 ,0,0,1,0,0,0,70,5,32,0,0,1,1,1,1,7,3,1,0,0,1,2,4,2,2,3,2,4,3,1,1,0,44
214320 ,1,0,0,0,0,1,2,6,33,0,0,1,1,0,1,9,4,4,0,0,1,2,2,5,2,2,1,1,1,1,0,0,54
414600 ,0,0,0,1,0,0,20,2,31,0,0,0,0,1,1,8,1,5,0,0,2,3,5,3,1,3,2,1,3,1,0,0,35
202080 ,0,0,0,1,0,0,15,6,50,0,0,1,0,1,1,1,0,2,1,0,3,5,5,3,5,5,4,3,4,1,0,0,66
464510 ,0,1,0,0,0,0,23,2,31,0,0,0,0,1,1,1,1,4,0,0,3,3,1,3,3,1,3,3,4,0,1,0,41
211650 ,1,0,0,0,0,1,18,10,36,0,0,0,0,1,1,0,1,5,0,0,4,3,2,4,2,1,2,2,1,0,1,0,45
227410 ,1,0,0,0,0,0,31,6,28,0,1,0,0,1,1,1,0,2,0,0,1,3,3,3,2,1,3,2,3,0,1,0,33
336680 ,0,0,0,0,0,0,44,2,28,0,1,1,0,1,1,4,2,4,0,0,3,3,5,1,2,3,3,2,3,0,0,0,42
298060 ,1,0,0,0,0,0,34,6,37,0,0,0,0,0,1,0,4,4,1,0,4,4,2,4,4,1,2,2,4,1,0,0,63
371280 ,0,0,0,1,0,0,33,4,35,0,0,0,0,1,1,8,3,3,0,0,1,2,1,3,2,1,4,2,2,1,1,0,49
280990 ,1,0,0,0,0,1,21,9,39,0,1,0,0,1,1,6,2,5,0,0,5,4,5,3,2,3,1,2,1,0,0,0,36
340560 ,0,1,0,0,0,0,8,6,39,0,0,1,1,1,1,5,4,1,0,0,3,2,5,4,2,2,2,3,1,0,0,0,34
263440 ,0,0,0,1,0,0,2,6,33,0,1,1,1,1,1,5,1,3,0,0,1,3,2,4,1,5,4,2,4,1,1,0,54
391010 ,0,0,0,0,0,1,17,3,26,0,1,1,0,1,1,4,0,5,0,0,2,3,2,2,3,4,3,4,1,0,1,0,43
617430 ,0,0,0,0,0,0,22,19,39,1,0,0,0,1,1,0,2,4,0,0,4,1,1,3,3,2,2,1,2,0,1,0,38
374830 ,0,1,0,0,0,0,40,1,37,0,1,0,0,1,1,0,2,4,0,0,2,1,1,1,1,3,1,3,1,1,0,0,36
486370 ,1,0,0,0,0,1,28,22,48,0,1,1,1,1,1,0,1,5,0,0,2,2,3,3,2,5,2,2,3,1,0,0,60
535930 ,0,0,0,1,0,1,10,10,57,1,1,1,1,0,1,7,2,5,1,0,2,3,5,1,5,4,4,2,2,1,0,0,52
354750 ,0,0,0,1,0,0,2,4,55,0,1,1,1,1,1,3,0,5,0,0,3,1,3,3,4,3,2,1,1,0,0,0,40
423290 ,0,1,0,0,0,0,13,2,30,0,0,0,0,1,1,1,0,4,0,0,3,1,5,3,1,2,5,2,2,1,0,1,46
236640 ,0,0,0,1,0,0,3,0,42,0,1,0,0,1,1,3,1,1,0,0,4,3,4,5,4,5,4,3,2,1,1,0,42
327990 ,1,0,0,0,0,0,23,5,35,0,0,0,0,1,1,10,0,4,0,0,3,3,5,4,2,1,2,2,1,1,1,0,60
355140 ,0,1,0,0,0,0,13,3,32,0,1,1,1,1,1,19,1,1,0,0,3,4,4,4,2,1,4,3,2,1,0,0,49
235210 ,1,0,0,0,0,0,5,1,35,0,1,0,0,1,1,0,2,3,1,0,3,5,4,3,4,3,3,3,2,0,0,0,46
311660 ,1,0,0,0,0,0,7,0,30,0,1,0,0,0,1,1,1,4,1,0,2,3,2,2,3,1,1,4,3,0,0,0,54
442460 ,1,0,0,0,0,1,13,3,50,0,1,0,0,1,1,0,0,2,0,0,2,2,2,3,3,2,1,3,2,1,0,0,51
680800 ,0,1,0,0,0,0,32,6,38,1,1,1,1,1,1,19,2,1,0,0,2,3,4,3,4,5,3,4,2,0,0,0,49
272380 ,1,0,0,0,1,0,17,8,46,0,1,1,1,1,1,0,0,1,0,0,2,1,1,3,3,1,1,3,4,0,1,0,39
341190 ,0,0,0,1,0,0,10,4,31,0,1,1,1,1,1,9,0,3,0,0,4,3,2,2,1,4,4,2,2,1,0,0,53
222610 ,0,0,1,0,0,0,16,5,29,0,1,0,0,1,1,8,2,1,0,0,3,5,4,3,1,3,2,2,1,0,1,0,45
466940 ,0,0,0,1,0,0,20,4,55,0,1,0,0,1,1,7,0,2,0,1,1,1,3,3,2,4,5,3,2,1,0,0,58
226230 ,1,0,0,0,0,1,9,4,57,0,0,1,1,1,1,7,3,4,0,0,1,5,4,1,1,2,1,4,3,1,0,0,55
376980 ,0,0,0,1,0,0,11,5,34,0,1,0,0,1,0,2,0,2,0,0,2,1,3,1,2,5,3,3,2,1,0,0,64
251320 ,0,1,0,0,0,0,8,9,33,0,1,0,0,1,1,12,2,2,0,0,2,4,3,1,1,1,2,1,4,0,0,0,41
362310 ,1,0,0,0,0,1,3,3,54,0,0,1,1,1,1,7,0,4,0,0,2,3,2,1,1,1,2,3,3,1,0,0,47
474980 ,0,0,0,1,0,0,8,14,50,0,1,0,0,1,1,7,2,1,1,0,2,3,1,3,3,2,1,3,1,1,0,0,59
344840 ,1,0,0,0,0,0,42,10,31,0,0,1,1,1,1,3,6,3,0,0,5,4,4,1,3,2,1,2,2,1,0,0,42
481140 ,0,0,1,0,0,0,9,5,28,0,1,1,1,1,1,1,2,2,0,0,4,5,2,3,3,1,5,2,3,1,0,1,38
229810 ,0,0,0,1,0,0,4,10,44,0,0,0,0,1,1,0,3,1,0,0,4,5,5,2,1,1,2,1,3,0,0,0,45
394980 ,1,0,0,0,0,0,20,6,34,0,0,0,0,0,1,1,3,3,0,0,4,3,4,3,3,1,2,1,2,0,0,0,36
452200 ,0,1,0,0,0,0,47,1,35,0,0,1,1,1,1,9,2,1,0,0,2,4,1,3,2,2,1,1,4,1,0,0,54
200790 ,1,0,0,0,0,1,16,2,41,0,1,0,0,1,0,10,0,3,0,0,2,2,1,2,3,5,3,4,2,0,0,0,45
498920 ,0,0,0,1,0,1,52,8,28,0,1,1,1,1,1,9,0,5,0,0,3,2,4,4,1,3,3,2,3,0,0,0,56
430530 ,0,0,1,0,0,0,70,9,45,0,1,1,1,1,1,8,0,3,0,0,2,4,5,1,2,3,5,3,4,1,1,1,68
336410 ,0,0,0,1,0,0,60,2,31,0,0,0,0,0,1,1,3,3,0,0,5,4,3,4,4,4,2,1,3,1,0,0,33
230870 ,0,0,0,1,0,1,40,1,29,0,1,1,1,1,1,4,5,3,0,0,2,5,4,3,1,1,2,3,3,0,0,0,42
258320 ,1,0,0,0,0,0,42,13,50,0,0,1,1,1,1,16,0,4,0,0,3,4,5,3,3,4,1,2,2,1,0,0,45
455090 ,1,0,0,0,0,0,18,5,53,0,0,0,0,1,1,0,1,2,0,0,3,3,5,1,2,2,1,2,2,1,0,0,44
496970 ,0,1,0,0,0,0,13,9,34,0,0,1,1,1,1,0,1,1,0,0,2,4,2,2,2,4,3,3,2,1,1,0,53
477790 ,0,0,0,1,0,0,43,7,54,0,1,0,0,1,1,6,0,2,0,1,1,3,2,3,3,1,2,1,1,1,0,0,31
299230 ,1,0,0,0,0,0,45,8,42,0,1,0,0,1,1,4,2,3,0,0,4,4,3,3,2,1,2,1,2,0,0,1,22
252230 ,1,0,0,0,0,0,23,1,33,0,1,1,0,0,1,7,1,1,0,0,3,5,1,3,3,2,3,1,1,0,0,0,37
446340 ,1,0,0,0,1,0,5,7,28,0,1,0,0,1,1,7,2,3,0,0,2,5,2,1,2,3,2,1,4,1,1,0,40
330640 ,1,0,0,0,0,0,16,3,29,0,0,1,1,1,1,2,6,1,0,0,4,3,2,3,2,1,3,1,4,1,0,1,36
333810 ,0,0,0,1,0,0,4,21,41,0,0,0,0,1,0,7,5,3,0,0,2,2,1,3,2,3,5,3,2,1,1,1,44
454880 ,0,0,1,0,0,0,8,1,41,0,0,0,0,1,0,2,0,1,0,0,2,2,5,2,2,3,4,4,4,1,0,0,57
200180 ,1,0,0,0,0,1,9,1,52,0,0,1,1,1,1,4,1,5,0,0,3,2,2,4,3,4,2,3,1,1,0,0,56
218810 ,0,0,0,0,0,0,19,6,30,0,0,1,0,1,1,0,5,4,0,0,2,5,4,4,1,3,5,2,2,1,0,0,45
264190 ,1,0,0,0,0,0,23,2,30,0,1,1,0,0,1,2,0,3,0,0,5,4,5,3,3,4,2,1,4,0,0,0,43
239330 ,0,0,0,1,0,0,8,1,44,0,0,1,1,0,1,2,1,4,0,0,1,5,5,3,1,3,4,4,4,0,0,0,46
332740 ,0,0,1,0,0,0,2,9,30,0,1,0,0,1,1,0,0,5,0,0,2,3,5,2,2,1,5,5,2,0,1,0,48
754240 ,0,0,0,1,0,0,4,4,41,1,1,1,1,1,1,4,0,3,0,0,3,3,4,5,2,2,4,1,2,1,0,0,53
509030 ,1,0,0,0,0,0,4,9,27,1,1,1,1,1,1,16,6,4,1,0,4,5,3,1,1,2,1,4,1,0,0,0,44
468440 ,1,0,0,0,0,0,3,1,25,0,1,1,1,1,1,9,3,4,0,0,3,3,4,3,1,2,2,1,2,0,1,0,36
320960 ,0,0,0,1,0,1,57,17,50,0,1,1,1,1,1,0,0,4,1,0,4,5,1,3,2,3,5,1,2,0,1,1,39
869730 ,0,1,0,0,0,0,4,4,59,1,1,1,0,0,1,2,2,5,1,0,3,3,5,4,5,1,2,2,1,0,0,0,48
268160 ,0,1,0,0,0,1,3,12,39,0,1,0,0,1,1,4,3,3,0,0,4,3,1,5,2,5,3,4,2,1,1,0,59
480860 ,1,0,0,0,0,1,46,9,55,0,0,1,1,1,1,14,6,3,0,0,2,3,1,1,3,1,1,2,2,0,0,0,40
643850 ,0,0,0,1,0,1,56,20,45,1,0,1,1,1,1,16,2,3,0,0,1,3,1,3,2,4,4,3,2,1,0,0,53
688180 ,0,0,0,1,0,0,13,25,44,1,0,0,0,1,1,0,0,5,0,0,1,3,1,3,1,3,4,2,2,1,0,0,49
271930 ,0,0,0,1,0,0,35,5,42,0,1,0,0,1,1,1,1,2,0,0,3,3,4,2,4,2,4,2,4,0,0,0,37
312110 ,0,1,0,0,0,0,3,2,22,0,1,1,1,1,1,11,1,2,1,0,2,3,5,3,2,3,3,2,3,1,0,0,54
311540 ,1,0,0,0,0,0,8,4,49,0,1,1,1,0,1,8,1,4,1,0,5,3,2,3,5,3,3,3,2,1,0,0,61
322070 ,1,0,0,0,0,0,13,14,34,0,0,0,0,1,1,4,0,5,0,0,2,1,4,2,1,3,1,2,1,0,0,0,46
590130 ,0,0,1,0,0,0,3,22,45,1,1,0,0,1,1,7,3,1,0,0,2,3,4,3,3,3,5,2,4,1,0,0,53
457870 ,1,0,0,0,0,0,6,2,22,0,1,0,0,1,1,2,1,3,0,0,1,5,1,2,1,3,2,2,4,1,1,0,47
206370 ,0,0,0,1,0,0,4,2,27,0,1,1,1,1,1,11,1,4,0,0,3,4,1,3,3,1,3,3,3,0,0,0,47
537140 ,0,0,1,0,0,0,26,18,44,1,0,1,0,1,1,0,0,2,1,0,4,2,3,1,1,3,2,2,4,1,0,0,54
212200 ,0,0,0,0,0,0,23,7,45,0,1,0,0,0,1,6,1,2,1,1,2,2,4,1,3,1,5,1,2,1,0,0,37
295980 ,0,0,0,0,1,0,24,3,51,0,0,1,1,1,1,9,6,2,0,0,3,4,5,1,2,5,4,3,1,1,0,0,48
366140 ,1,0,0,0,0,0,7,1,37,0,0,0,0,0,1,3,2,1,1,0,4,4,3,3,2,1,4,3,4,1,0,0,60
244140 ,0,0,0,1,0,0,5,6,26,0,0,1,0,1,1,10,0,3,0,0,3,3,2,3,2,2,2,1,3,0,1,0,38
239320 ,0,0,1,0,0,1,2,5,45,0,0,1,0,1,1,0,4,5,0,0,2,5,3,4,4,4,5,4,1,1,0,0,51
591090 ,0,1,0,0,0,0,22,4,40,1,0,1,0,0,1,4,2,1,0,0,2,3,5,3,2,4,3,3,4,0,0,0,73
253190 ,1,0,0,0,0,0,25,1,54,0,1,1,1,0,1,5,1,1,1,0,2,3,3,3,2,2,2,2,1,1,0,1,48
370290 ,0,1,0,0,0,0,22,4,24,0,1,0,0,1,1,7,3,5,0,0,3,4,4,3,1,5,5,2,1,1,0,0,60
257020 ,1,0,0,0,0,0,3,8,45,0,0,0,0,1,1,0,0,3,0,0,1,4,1,2,1,1,3,3,4,0,0,0,54
266860 ,1,0,0,0,0,0,11,11,44,0,1,0,0,1,1,3,5,3,0,0,2,2,2,3,3,1,2,3,3,1,0,0,41
359690 ,0,0,1,0,0,0,14,3,24,0,0,1,1,1,1,4,1,5,0,0,4,1,4,3,2,5,5,5,4,1,0,0,53
483140 ,0,0,0,1,0,0,14,3,27,0,1,1,1,1,1,0,0,4,1,0,3,2,5,4,1,2,4,2,1,1,0,1,44
323680 ,0,1,0,0,0,0,23,6,34,0,0,0,0,1,1,9,0,2,0,0,5,2,1,3,3,2,3,2,1,1,0,0,39
448710 ,1,0,0,0,0,0,12,11,33,0,1,1,1,1,1,3,1,4,0,0,2,2,4,2,3,3,5,4,4,0,0,0,58
196980 ,0,1,0,0,0,0,74,3,27,0,0,0,0,1,1,10,0,4,0,0,3,2,1,3,1,2,2,2,3,0,0,1,30
267680 ,1,0,0,0,0,0,21,20,41,0,0,0,0,1,1,4,1,3,0,0,3,3,1,4,3,2,2,2,1,1,0,0,41
368570 ,0,0,1,0,0,0,29,10,41,0,0,1,1,1,1,11,3,3,0,0,3,4,3,4,2,4,4,2,2,0,0,0,51
334670 ,0,0,0,1,0,0,8,1,33,0,0,1,1,1,1,6,0,3,0,0,2,3,5,4,2,2,1,3,3,0,0,0,38
229430 ,0,1,0,0,0,0,75,2,37,0,1,1,1,1,1,0,1,5,0,0,2,5,2,3,1,1,2,2,1,1,0,0,41
457760 ,1,0,0,0,0,0,41,4,39,0,0,0,0,1,1,5,1,2,0,0,3,3,4,4,1,4,1,3,1,1,1,0,46
284070 ,0,0,0,1,0,0,23,10,31,0,1,1,1,0,1,7,2,4,1,0,5,2,4,5,3,5,3,2,3,0,0,0,54
220090 ,1,0,0,0,0,0,1,2,38,0,0,0,0,1,0,6,1,2,0,0,2,3,5,4,2,2,4,3,1,1,1,0,58
395520 ,0,0,0,1,0,0,14,3,28,0,1,0,0,1,1,2,5,3,0,0,2,3,5,3,2,1,1,3,3,0,1,0,56
471560 ,0,1,0,0,0,0,5,13,36,0,0,1,1,1,1,12,0,2,0,0,2,5,2,2,2,1,4,1,1,0,0,1,41
400420 ,0,1,0,0,0,0,20,11,31,0,0,1,1,1,1,6,2,5,0,0,1,5,1,3,2,2,3,2,2,0,0,0,41
308480 ,0,0,1,0,0,0,4,18,40,0,1,0,0,1,1,3,1,1,0,0,3,2,1,2,1,1,5,4,2,1,0,0,45
453490 ,0,0,1,0,0,0,3,4,37,0,1,0,0,0,1,14,3,4,0,0,2,4,1,4,3,2,4,2,3,0,0,0,38
215190 ,1,0,0,0,0,0,43,6,31,0,1,1,0,1,1,4,4,4,0,0,2,3,4,1,2,1,1,2,1,0,0,0,45
632470 ,0,0,0,1,0,0,4,4,25,1,0,0,0,1,1,0,2,3,0,0,2,4,2,3,2,5,4,4,2,1,0,0,65
480190 ,1,0,0,0,0,1,26,6,39,0,1,1,1,1,0,9,3,4,0,0,1,4,1,3,3,1,3,2,2,1,1,0,56
253930 ,1,0,0,0,0,0,6,5,28,0,1,0,0,1,0,16,4,5,0,0,2,3,3,3,2,2,2,3,2,0,0,0,43
383860 ,0,1,0,0,0,1,20,8,35,0,1,0,0,1,1,2,0,3,0,0,3,1,3,2,1,3,2,4,1,1,0,1,57
256330 ,1,0,0,0,0,0,43,6,39,0,1,1,1,1,1,10,3,4,0,0,4,1,4,3,1,1,2,3,3,1,0,0,48
681560 ,1,0,0,0,0,0,10,9,48,1,0,1,1,1,1,5,2,2,0,0,3,4,3,4,1,5,2,2,1,0,0,0,48
558500 ,1,0,0,0,0,0,20,6,36,1,1,0,0,1,1,9,0,1,0,0,2,3,2,3,2,1,2,2,3,1,0,0,45
600900 ,0,1,0,0,0,0,17,0,51,1,0,1,1,1,1,59,1,2,0,0,1,2,4,1,2,3,3,3,2,1,1,0,57
573300 ,0,1,0,0,0,0,52,21,42,1,1,1,1,1,1,13,0,5,0,0,2,2,1,2,2,1,2,3,2,1,0,0,50
467960 ,1,0,0,0,1,0,58,5,32,0,1,0,0,1,1,7,3,2,0,0,1,5,4,2,2,1,3,2,2,0,1,0,41
254000 ,1,0,0,0,1,0,4,1,29,0,1,0,0,1,1,3,3,4,0,0,2,5,2,3,1,1,1,1,1,0,0,0,29
366100 ,1,0,0,0,0,0,16,4,36,0,1,0,0,1,1,13,4,5,0,0,2,2,1,3,3,4,2,3,4,0,0,0,54
286230 ,1,0,0,0,0,0,7,15,44,0,1,1,1,1,0,3,2,1,0,1,1,4,5,4,3,2,1,1,1,1,0,0,29
385350 ,1,0,0,0,0,0,12,2,27,0,1,0,0,1,1,8,2,1,0,0,3,2,2,3,3,2,1,1,2,0,0,0,31
301220 ,1,0,0,0,1,1,17,7,38,0,1,0,0,1,1,6,0,5,0,0,3,3,1,3,3,3,1,2,2,1,1,0,38
210030 ,0,0,1,0,0,0,33,3,39,0,1,0,0,1,1,2,0,5,1,0,5,3,2,2,3,1,5,3,2,0,1,0,48
444450 ,1,0,0,0,0,1,4,4,27,0,1,1,1,1,0,0,0,5,0,0,1,2,2,4,1,4,4,3,1,1,0,0,64
534450 ,0,0,0,0,0,0,20,3,29,1,0,0,0,1,1,6,4,3,1,0,3,5,4,3,2,2,5,2,2,1,0,1,55
227100 ,0,0,1,0,0,0,22,1,41,0,0,1,1,1,1,2,1,3,0,0,3,3,3,2,2,4,5,2,2,1,0,1,38
467700 ,1,0,0,0,0,0,51,2,30,0,0,0,0,1,1,0,1,1,0,0,1,2,1,3,2,4,2,3,2,1,0,0,53
480310 ,0,0,0,1,0,1,51,9,42,0,0,1,1,1,1,7,1,4,1,0,2,4,1,3,3,2,5,1,2,0,0,0,50
313460 ,0,0,1,0,0,0,57,1,26,0,0,1,1,0,1,1,2,1,0,0,1,4,3,5,1,3,5,3,4,1,0,0,59
348610 ,0,0,0,1,0,0,57,5,28,0,1,0,0,1,1,5,1,2,0,0,2,4,5,1,2,2,3,1,2,0,0,0,41
317120 ,1,0,0,0,0,0,10,12,44,0,1,1,1,0,1,20,1,4,0,0,2,2,2,2,3,2,3,3,3,1,0,0,55
243290 ,0,1,0,0,0,0,13,7,35,0,0,0,0,1,1,0,1,4,0,0,3,4,4,3,3,3,4,1,3,0,0,0,39
465480 ,0,0,0,1,0,1,9,9,31,0,1,1,1,1,1,13,2,5,1,0,1,1,1,3,3,3,4,3,5,1,1,0,55
483570 ,0,0,1,0,0,0,10,5,47,0,1,1,1,1,0,11,1,2,0,0,2,5,3,4,2,3,5,1,2,1,0,0,44
278540 ,0,0,1,0,0,0,41,2,46,0,1,1,1,1,0,2,0,2,0,0,2,5,1,3,4,4,3,1,2,1,0,0,35
368300 ,1,0,0,0,0,0,10,11,44,0,0,0,0,1,0,6,0,4,1,0,2,3,5,3,3,2,2,1,1,1,1,0,54
396040 ,1,0,0,0,0,0,47,4,50,0,1,1,1,1,1,0,5,1,0,0,2,3,4,1,2,2,2,1,4,1,0,0,46
280580 ,1,0,0,0,0,0,52,7,58,0,0,0,0,1,1,0,1,4,0,0,2,5,4,3,2,2,2,3,1,0,1,0,42
260630 ,0,0,0,1,0,0,1,0,55,0,1,1,1,1,1,79,2,1,0,0,3,1,2,3,3,4,3,2,1,0,0,0,39
425260 ,1,0,0,0,0,0,61,5,39,0,1,1,1,1,1,9,2,4,0,0,2,3,5,3,2,3,1,2,1,0,0,0,30
390950 ,1,0,0,0,0,0,3,8,29,0,1,0,0,1,1,3,2,5,1,0,3,4,4,3,3,4,1,1,1,1,0,0,56
469010 ,1,0,0,0,0,0,30,3,53,0,1,0,0,1,1,0,3,4,0,0,2,3,3,1,2,2,1,3,2,0,0,0,47
340270 ,1,0,0,0,0,0,10,4,26,0,0,0,0,1,1,1,1,4,0,0,3,1,2,2,2,2,2,1,4,1,0,0,50
408470 ,1,0,0,0,1,0,4,1,35,0,1,0,0,1,1,14,1,1,0,0,2,3,4,4,3,3,1,1,3,0,0,0,35
205000 ,0,1,0,0,0,0,9,1,20,0,1,0,0,1,1,7,1,4,0,0,2,3,3,3,1,2,2,2,3,1,0,0,53
307690 ,0,0,0,0,0,0,12,10,40,0,0,1,1,1,1,11,6,2,0,0,1,4,1,3,2,5,5,2,1,1,0,0,45
244360 ,0,0,0,1,0,0,12,2,23,0,1,0,0,1,0,14,3,2,0,0,1,1,4,3,2,4,5,2,1,1,1,0,51
209170 ,0,0,1,0,0,0,80,2,23,0,1,0,0,1,1,8,3,4,0,0,3,5,3,3,1,4,4,5,1,1,1,0,57
261170 ,1,0,0,0,0,0,25,11,33,0,1,1,1,1,1,11,5,2,0,0,3,3,1,4,2,1,3,1,4,1,0,0,51
476720 ,0,0,0,1,0,0,30,6,54,0,0,1,0,1,1,0,1,5,0,0,2,1,3,5,2,1,2,2,3,0,1,0,40
178040 ,1,0,0,0,0,1,7,3,24,0,1,1,1,1,1,7,2,2,1,0,3,4,1,4,3,1,2,3,2,0,1,0,48
435580 ,0,0,1,0,0,1,56,4,48,0,0,0,0,1,1,4,6,3,0,0,5,4,3,3,2,3,2,3,2,1,0,0,48
306730 ,1,0,0,0,0,0,13,14,36,0,0,1,1,1,1,5,1,1,0,0,1,2,1,4,2,5,2,2,1,1,1,1,45
617300 ,1,0,0,0,0,1,40,12,48,1,1,0,0,1,1,13,1,2,0,0,2,3,2,4,1,4,3,1,1,1,0,0,57
201350 ,1,0,0,0,0,0,5,4,50,0,0,1,1,1,1,64,1,3,0,0,3,4,5,5,3,5,3,2,4,0,0,0,38
248650 ,1,0,0,0,0,0,11,1,27,0,1,1,1,1,1,4,3,4,0,1,1,2,4,2,3,1,3,1,4,0,0,0,34
291190 ,0,0,0,1,0,0,22,6,44,0,1,0,0,1,1,4,5,3,1,0,3,1,2,3,4,3,1,1,1,1,0,0,48
254340 ,0,0,1,0,0,0,11,1,35,0,0,0,0,1,1,19,1,5,0,0,4,1,4,4,1,1,2,5,2,0,1,0,48
671040 ,1,0,0,0,0,0,8,19,56,1,0,1,1,1,1,2,0,2,0,0,1,3,4,2,3,2,2,2,1,0,1,0,49
372280 ,0,0,0,1,0,0,4,2,54,0,1,1,1,1,1,10,0,3,0,0,3,2,1,4,2,1,5,3,1,1,0,0,55
384510 ,0,0,0,1,0,0,4,7,27,0,1,0,0,1,0,9,3,1,0,0,2,5,1,5,4,1,4,2,4,1,0,0,52
260770 ,0,0,1,0,0,0,19,1,29,0,1,0,0,1,1,3,0,4,1,0,3,3,3,3,3,4,5,4,4,1,0,0,56
282100 ,1,0,0,0,0,1,23,2,24,0,0,0,0,1,0,10,2,5,0,0,3,3,2,3,3,1,3,1,5,1,0,0,63
452370 ,1,0,0,0,0,0,9,3,27,0,0,1,1,1,1,4,5,5,1,0,3,3,5,3,1,2,1,1,1,0,1,0,44
230930 ,0,1,0,0,1,0,6,5,46,0,1,1,1,1,1,4,3,4,1,0,3,3,4,3,4,4,2,1,4,1,0,0,53
353490 ,0,0,0,0,0,0,31,11,45,0,0,0,0,1,1,11,0,1,1,0,2,3,2,1,3,1,3,2,2,1,0,1,50
201210 ,1,0,0,0,0,0,33,20,45,0,1,0,0,1,1,12,0,3,0,0,1,2,5,2,3,3,2,2,4,0,1,0,42
206320 ,0,0,0,1,0,0,5,6,54,0,1,1,1,1,1,7,2,2,0,0,3,2,2,1,2,2,4,2,1,1,1,0,47
466540 ,1,0,0,0,0,0,11,11,33,0,0,1,1,1,1,10,2,4,0,0,2,4,3,3,2,1,4,2,4,1,0,0,50
507320 ,0,0,1,0,0,0,33,14,46,1,0,0,0,1,1,8,0,2,0,0,1,3,3,4,1,1,5,2,1,0,0,0,41
266810 ,0,0,1,0,0,1,12,1,37,0,0,1,1,1,1,52,3,5,1,0,2,2,1,3,3,5,4,2,1,1,0,0,53
228300 ,0,1,0,0,1,0,22,1,30,0,1,0,0,0,1,4,2,2,0,0,2,3,3,5,3,1,4,3,2,1,0,0,48
241810 ,1,0,0,0,0,0,9,6,33,0,0,0,0,0,1,6,6,4,0,0,2,5,1,5,1,2,2,3,2,1,0,0,64
434360 ,0,0,1,0,0,0,7,6,34,0,0,0,0,1,1,10,0,1,0,0,3,1,1,5,2,2,4,3,4,0,1,1,37
220670 ,1,0,0,0,0,1,4,9,60,0,1,1,1,1,1,9,2,5,0,0,1,3,4,3,2,2,1,2,4,0,1,0,50
400150 ,0,1,0,0,0,0,70,15,55,0,1,1,1,1,1,4,0,5,0,0,4,3,5,4,2,5,2,3,3,0,0,1,32
233100 ,1,0,0,0,0,0,41,4,27,0,0,1,1,1,1,13,0,4,0,0,3,3,3,1,3,1,2,1,4,0,1,1,31
605390 ,1,0,0,0,0,0,50,5,53,1,0,1,1,0,1,8,1,4,0,0,2,5,4,3,4,1,2,1,2,1,1,0,39
668940 ,1,0,0,0,0,0,7,1,47,1,0,1,1,1,1,10,3,3,1,0,2,3,3,3,3,1,1,2,2,1,0,0,49
289530 ,0,0,0,1,0,0,36,8,42,0,0,1,1,1,1,4,2,2,0,0,4,4,5,3,3,2,3,2,3,1,0,1,42
223240 ,0,0,0,1,0,0,5,2,32,0,1,1,1,1,0,10,1,4,0,0,2,4,1,4,4,2,5,2,5,1,0,0,60
321050 ,0,0,1,0,0,0,11,5,29,0,0,0,0,0,1,5,0,1,0,0,1,2,1,3,1,2,5,4,3,1,0,0,55
562920 ,1,0,0,0,0,1,8,26,52,1,0,0,0,1,1,3,0,3,0,0,3,2,3,1,2,3,2,2,1,0,1,0,49
300590 ,0,0,0,1,0,0,21,25,56,0,1,0,0,0,1,7,0,1,1,0,3,3,3,5,5,2,4,4,1,1,0,0,68
218420 ,1,0,0,0,0,0,1,1,31,0,0,1,1,1,1,5,2,2,0,0,4,2,2,3,3,2,2,2,3,1,0,0,49
215080 ,0,0,1,0,0,0,53,2,39,0,0,0,0,1,1,8,1,2,0,0,2,4,4,2,2,3,5,4,1,0,0,0,41
229170 ,0,1,0,0,0,0,21,8,38,0,0,1,1,0,1,6,0,5,0,0,2,1,4,4,3,4,4,2,1,1,0,0,67
420470 ,1,0,0,0,0,0,2,12,41,0,1,1,1,1,1,15,1,4,0,0,4,2,3,5,3,3,5,3,4,0,0,0,61
398710 ,0,0,0,1,0,1,46,26,47,0,1,0,0,1,1,1,4,4,0,0,2,3,3,3,4,3,4,2,1,1,0,0,59
222920 ,0,0,0,1,0,1,44,10,35,0,0,0,0,1,1,3,1,3,0,0,2,3,5,2,2,1,4,2,1,0,0,0,60
559720 ,1,0,0,0,0,0,6,4,56,1,1,0,0,0,1,3,1,5,0,0,2,3,3,4,3,5,3,4,3,0,0,0,61
490030 ,1,0,0,0,0,0,34,8,44,0,0,1,1,0,0,1,2,3,0,0,2,2,3,4,4,3,2,3,3,1,0,0,50
298810 ,0,1,0,0,0,0,19,9,32,0,1,1,1,1,1,12,0,1,1,0,3,2,1,2,2,5,4,3,1,1,0,0,55
408170 ,0,1,0,0,0,0,3,12,39,0,0,0,0,0,1,0,5,2,0,0,2,2,1,3,1,2,3,1,1,1,0,0,50
269060 ,0,1,0,0,0,1,38,7,37,0,1,0,0,1,1,11,4,5,0,0,4,3,2,3,2,2,2,4,1,0,0,0,45
280390 ,0,0,0,1,0,0,83,8,37,0,1,0,0,0,1,13,2,2,1,0,4,2,3,2,4,2,5,2,2,1,0,0,51
444340 ,0,0,0,1,0,1,15,4,52,0,0,0,0,1,1,6,3,4,0,0,3,4,2,3,4,2,4,3,1,1,0,0,50
280660 ,1,0,0,0,0,0,6,7,29,0,1,0,0,1,1,6,0,2,0,0,3,2,3,3,1,3,2,3,3,0,0,0,38
306840 ,0,0,1,0,0,0,17,4,37,0,1,1,0,1,1,13,0,5,0,1,1,5,1,5,3,5,4,3,5,1,1,1,37
237740 ,0,0,0,1,0,0,3,6,46,0,0,0,0,1,1,2,0,1,0,0,1,2,3,3,2,2,4,2,4,0,0,0,59
414900 ,0,1,0,0,0,0,5,2,31,0,0,1,1,1,1,6,1,2,1,0,3,1,4,2,2,2,3,3,3,1,0,0,59
433520 ,0,0,0,1,0,0,16,1,37,0,1,0,0,0,1,5,0,3,0,0,3,3,2,5,2,1,2,1,3,0,0,0,41
204540 ,0,1,0,0,0,0,5,1,29,0,0,0,0,1,1,0,2,2,0,0,2,2,2,1,4,4,4,3,5,1,0,0,58
433220 ,1,0,0,0,0,0,5,20,46,0,1,1,1,1,1,15,1,3,0,0,5,2,1,3,3,2,5,1,3,0,0,0,31
270160 ,0,0,0,1,0,0,44,10,31,0,0,0,0,1,1,4,1,4,0,0,2,3,4,3,2,3,4,2,2,1,0,0,55
623430 ,1,0,0,0,0,0,1,5,34,1,0,0,0,0,1,9,3,1,0,0,4,3,5,4,3,3,2,2,1,0,0,0,36
216350 ,1,0,0,0,0,1,10,3,49,0,1,0,0,1,1,0,5,5,0,0,3,4,1,3,4,4,2,4,3,1,0,0,42
331240 ,0,0,0,1,0,0,19,4,56,0,0,1,0,1,1,9,1,3,0,0,4,3,3,3,3,2,5,2,1,0,0,0,35
477890 ,0,0,0,1,0,1,42,5,27,0,0,1,1,1,1,3,1,5,0,0,3,4,4,3,2,2,4,2,4,1,0,1,45
203690 ,1,0,0,0,0,0,3,11,41,0,1,1,1,1,0,11,0,4,0,0,2,5,1,3,4,2,2,3,4,1,1,0,58
230920 ,0,1,0,0,0,0,26,8,47,0,1,0,0,1,1,14,1,3,0,0,1,3,5,1,4,3,3,3,2,1,0,0,45
363630 ,1,0,0,0,0,0,54,2,24,0,0,0,0,1,1,7,2,3,1,0,4,5,3,1,3,1,2,1,1,1,0,0,56
415000 ,1,0,0,0,0,0,29,1,40,0,1,0,0,1,1,16,1,1,0,0,4,3,4,3,2,1,1,3,2,0,0,0,46
538380 ,0,1,0,0,0,0,41,9,31,1,1,0,0,1,1,4,1,2,0,0,2,2,5,2,2,1,3,3,3,0,1,1,30
466950 ,0,0,0,1,0,0,10,4,27,0,0,0,0,1,1,5,2,5,0,0,2,2,5,3,1,2,4,2,1,1,0,1,38
192910 ,0,0,0,0,1,0,1,1,35,0,1,0,0,1,0,7,2,4,0,0,1,2,2,3,3,2,3,3,5,1,1,0,38
397650 ,0,0,1,0,0,0,56,5,38,0,0,1,1,1,1,7,2,1,0,0,2,3,4,3,1,3,2,3,5,1,0,0,56
451650 ,1,0,0,0,1,0,24,12,33,0,1,0,0,1,1,4,0,4,0,0,4,1,2,3,2,1,1,2,1,1,1,0,43
338260 ,0,1,0,0,0,0,55,23,45,0,1,0,0,1,1,16,1,2,0,0,3,2,3,5,4,2,3,4,2,0,1,0,63
272450 ,1,0,0,0,0,0,61,7,36,0,1,0,0,1,0,15,3,3,0,0,1,2,3,1,2,2,1,3,2,1,1,0,52
350170 ,1,0,0,0,1,0,13,5,40,0,0,0,0,1,0,10,0,5,0,0,2,1,5,3,3,1,2,3,3,0,1,0,36
291080 ,1,0,0,0,0,1,21,4,25,0,0,1,1,1,1,8,3,5,0,0,5,3,1,5,3,2,5,3,5,1,1,1,38
420070 ,0,1,0,0,0,1,28,1,33,0,1,1,1,1,1,67,2,5,0,0,3,5,4,1,2,2,3,5,2,0,1,0,53
243190 ,0,1,0,0,0,0,53,2,23,0,1,1,0,1,1,1,0,5,0,0,2,3,5,4,2,2,2,4,3,0,0,1,40
200470 ,0,0,1,0,0,0,14,9,31,0,1,0,0,1,1,0,1,5,0,0,3,3,2,2,3,5,5,2,1,1,0,0,53
670470 ,0,0,1,0,0,0,29,15,38,1,1,1,1,0,1,11,1,5,0,0,3,3,1,3,2,5,4,1,1,1,0,0,50
215320 ,1,0,0,0,0,0,44,7,37,0,1,1,1,1,1,11,4,4,0,0,4,2,4,3,1,2,1,1,1,0,0,1,23
267240 ,1,0,0,0,0,1,13,8,33,0,0,1,1,1,1,1,2,5,1,0,3,3,5,3,4,2,4,3,1,0,0,0,55
498870 ,1,0,0,0,0,0,35,1,22,0,1,1,1,0,1,5,2,5,0,0,2,1,5,2,2,1,1,2,3,1,0,0,57
234930 ,0,1,0,0,0,0,10,4,30,0,1,0,0,1,0,2,3,2,0,0,2,3,1,3,2,1,1,1,1,0,0,0,43
217910 ,0,1,0,0,0,0,21,5,27,0,1,0,0,0,1,4,1,5,0,0,3,3,1,4,3,4,4,3,4,1,0,0,63
252350 ,1,0,0,0,0,0,39,2,23,0,0,1,1,1,1,5,2,4,0,0,2,4,2,3,2,1,1,1,3,1,1,0,44
331770 ,0,0,0,1,0,0,14,13,35,0,1,0,0,1,1,2,1,5,0,0,2,1,1,2,1,3,5,2,2,1,0,0,57
337490 ,1,0,0,0,0,0,23,7,34,0,0,1,1,1,1,6,0,5,0,0,3,4,5,3,3,2,2,2,4,1,0,0,43
409280 ,0,1,0,0,0,0,2,13,34,0,1,0,0,1,1,6,1,4,0,0,4,2,4,5,2,1,3,3,2,0,0,0,41
449690 ,0,1,0,0,0,0,39,13,37,0,1,0,0,1,1,4,2,5,0,0,4,4,4,4,2,1,2,2,1,0,0,0,44
331460 ,0,0,1,0,0,1,46,8,38,0,1,1,1,1,1,12,0,5,1,0,2,5,4,2,3,2,4,2,2,1,1,0,66
194000 ,0,0,0,1,0,0,45,11,40,0,1,1,1,1,1,22,0,5,0,1,1,2,4,3,2,1,4,1,2,1,1,0,36
308990 ,0,0,0,1,0,0,31,9,37,0,0,0,0,1,1,2,2,5,0,0,4,2,3,2,3,1,1,1,1,0,0,0,38
637020 ,1,0,0,0,0,1,40,5,55,1,1,0,0,1,1,0,2,4,0,0,4,5,4,4,3,5,2,3,2,1,0,0,41
649110 ,1,0,0,0,0,1,42,6,43,1,1,1,0,1,1,0,6,5,1,0,2,1,1,4,1,2,3,2,3,1,0,0,49
426510 ,0,1,0,0,0,0,8,7,33,0,0,1,1,1,0,4,1,5,0,0,2,3,2,4,2,1,3,2,1,1,1,0,42
220340 ,1,0,0,0,0,1,1,9,49,0,0,1,1,1,1,12,4,2,0,0,2,5,2,3,2,3,1,2,3,1,0,0,48
376630 ,1,0,0,0,0,0,18,5,32,0,0,1,1,1,1,9,0,1,0,0,4,2,3,3,1,4,3,3,1,1,1,0,51
538580 ,1,0,0,0,0,0,49,2,34,1,0,1,0,1,1,8,3,5,0,0,1,3,1,2,1,3,2,3,4,0,0,1,37
434820 ,0,0,0,1,0,0,14,3,47,0,1,1,1,1,1,5,3,2,0,0,2,4,1,3,2,5,4,3,2,0,1,0,36
663530 ,1,0,0,0,0,0,1,11,36,1,0,1,1,1,1,17,5,5,1,0,3,4,3,3,3,3,3,2,5,1,0,0,58
265090 ,0,1,0,0,0,1,47,5,37,0,0,0,0,1,1,2,7,5,0,0,3,2,4,3,1,2,3,2,1,1,1,0,49
482490 ,0,1,0,0,0,0,10,5,36,0,0,1,1,1,1,13,2,2,0,0,2,3,5,3,1,1,3,3,2,1,1,0,50
218820 ,0,0,0,1,0,0,33,10,38,0,1,1,1,1,1,10,0,4,0,0,2,3,2,3,3,1,3,1,5,1,0,1,25
243970 ,0,1,0,0,0,0,10,3,46,0,1,0,0,1,1,4,2,2,0,0,4,5,2,5,4,1,3,1,5,0,0,1,48
556430 ,0,0,1,0,0,0,3,8,48,1,0,0,0,1,1,5,0,1,0,0,3,4,2,2,1,3,5,3,2,0,0,0,43
438960 ,1,0,0,0,0,0,6,7,26,0,1,0,0,0,1,3,0,5,0,0,4,5,2,1,2,4,3,1,1,1,0,0,41
194330 ,1,0,0,0,0,0,49,5,35,0,1,1,0,0,1,1,2,5,0,0,1,3,5,4,1,2,3,2,3,1,0,0,60
621530 ,0,0,0,1,1,0,15,2,37,1,0,0,0,1,1,4,1,4,0,0,2,3,4,5,1,5,4,3,5,0,0,1,32
260600 ,0,0,1,0,0,0,50,8,35,0,0,1,1,1,1,11,2,5,0,0,3,3,5,3,2,3,5,4,2,1,0,0,57
313750 ,1,0,0,0,0,0,70,2,48,0,1,0,0,1,1,1,1,4,0,0,2,3,3,3,3,1,1,1,2,0,1,0,37
276410 ,0,1,0,0,0,0,16,2,27,0,0,1,1,1,1,5,1,1,0,0,3,4,4,3,1,1,3,2,1,1,0,0,49
251860 ,0,1,0,0,0,0,46,2,39,0,1,1,1,1,1,13,4,2,0,0,2,3,4,3,2,1,2,2,2,0,1,1,32
456460 ,1,0,0,0,0,0,60,20,47,0,0,0,0,0,0,9,1,5,0,0,1,5,3,3,2,1,2,5,1,1,0,0,77
440950 ,0,1,0,0,0,0,51,17,43,0,1,0,0,1,1,14,3,2,0,0,2,5,5,4,3,4,3,2,5,1,0,0,53
547480 ,0,0,0,1,0,0,2,15,35,1,1,0,0,1,1,3,2,2,0,1,1,4,4,3,3,3,5,2,1,1,0,0,50
252380 ,0,0,1,0,1,1,45,17,44,0,1,0,0,0,1,0,1,5,0,0,3,3,4,3,3,1,5,4,2,0,0,0,73
456430 ,1,0,0,0,0,0,7,4,28,0,0,1,1,1,1,2,5,3,1,0,2,3,3,5,2,4,2,1,2,0,0,0,37
572770 ,0,0,0,1,0,0,27,20,40,1,0,1,1,1,0,11,4,4,1,0,1,2,4,3,2,4,4,3,4,0,0,0,51
274640 ,0,1,0,0,0,0,2,6,56,0,0,0,0,0,1,1,1,5,0,0,4,3,1,3,3,2,3,1,1,0,0,0,48
358470 ,1,0,0,0,0,0,7,2,56,0,0,1,0,1,1,6,3,3,0,0,2,4,3,4,2,1,2,2,5,1,1,0,50
194530 ,0,0,1,0,0,0,27,3,25,0,1,1,0,1,0,4,1,5,0,0,2,5,4,2,2,1,5,1,1,1,1,1,55
537160 ,1,0,0,0,0,0,16,20,40,1,1,0,0,0,1,2,1,1,0,0,5,1,5,2,3,4,2,3,2,1,0,0,38
436990 ,0,1,0,0,0,0,18,18,40,0,0,1,1,1,1,0,4,3,1,0,3,4,5,3,2,2,1,3,3,0,1,0,45
317070 ,0,1,0,0,0,1,1,6,33,0,1,0,0,1,1,0,0,4,1,0,4,2,2,4,4,3,4,3,3,1,0,0,72
228410 ,0,0,0,1,0,0,2,10,44,0,0,0,0,1,1,17,6,3,0,0,3,3,4,5,2,3,4,4,4,1,0,0,59
210470 ,1,0,0,0,0,0,15,3,30,0,1,1,1,1,1,4,4,4,0,0,3,2,1,3,1,1,2,3,2,1,0,1,44
292490 ,0,0,0,1,0,0,15,5,25,0,0,1,1,1,1,1,2,3,1,0,3,4,2,2,4,1,4,2,4,1,0,0,50
345090 ,1,0,0,0,0,0,2,5,28,0,1,1,0,1,0,12,4,1,1,0,2,2,2,2,2,1,1,2,4,0,0,0,52
300480 ,1,0,0,0,0,0,2,13,37,0,1,1,1,1,1,16,4,2,0,0,2,3,2,5,3,2,1,2,3,1,0,0,51
349160 ,0,0,0,1,0,0,7,5,30,0,1,0,0,1,1,9,1,1,0,1,1,3,1,5,3,4,4,2,2,1,0,0,56
223990 ,1,0,0,0,0,0,91,16,45,0,1,1,1,1,1,2,5,5,0,1,1,3,2,2,2,2,3,2,4,1,0,1,35
451360 ,1,0,0,0,0,0,18,2,29,0,0,0,0,0,1,6,1,4,0,0,1,5,5,3,1,2,1,2,2,1,0,0,61
241840 ,0,0,0,1,0,0,28,5,26,0,1,0,0,1,1,1,4,5,0,0,1,3,1,3,3,5,3,2,2,1,1,0,41
650910 ,0,1,0,0,0,0,52,6,27,1,0,0,0,0,1,0,3,4,0,0,1,3,5,3,2,1,3,3,3,1,0,0,59
191400 ,1,0,0,0,0,0,2,10,30,0,1,0,0,1,1,0,3,4,0,0,4,3,4,3,3,2,1,2,2,0,0,0,43
474380 ,0,1,0,0,0,0,30,5,31,0,0,0,0,1,1,6,2,1,0,0,2,3,1,3,1,4,2,2,5,0,0,1,18
571950 ,0,1,0,0,0,0,6,13,49,1,0,0,0,1,1,5,3,1,0,0,3,3,4,4,1,1,3,1,4,1,1,0,50
247630 ,0,0,1,0,0,0,15,1,28,0,1,0,0,1,1,10,3,3,0,0,2,2,5,3,2,2,3,3,3,0,1,0,50
220110 ,0,1,0,0,0,0,20,2,42,0,0,0,0,0,1,10,7,2,0,0,1,3,3,3,2,4,2,3,5,0,0,0,45
206370 ,1,0,0,0,0,1,20,8,28,0,0,1,1,1,1,3,4,5,0,0,3,4,1,1,2,2,3,3,1,0,0,0,43
368260 ,1,0,0,0,0,0,15,22,51,0,0,1,0,1,1,5,4,5,0,0,4,4,4,3,4,3,1,3,3,1,0,0,52
263510 ,1,0,0,0,0,0,10,10,30,0,1,0,0,1,1,0,1,3,0,0,2,3,2,3,2,3,5,3,1,0,0,1,32
301240 ,1,0,0,0,0,1,53,10,48,0,0,1,1,1,1,16,3,3,1,0,1,4,5,4,2,1,2,1,2,1,0,0,57
190760 ,0,1,0,0,0,0,2,8,28,0,1,0,0,1,1,10,1,2,0,0,1,3,3,4,1,2,3,3,2,0,0,0,35
358700 ,0,0,0,0,0,0,32,11,32,0,1,1,1,1,1,13,6,3,0,0,4,4,4,2,3,4,5,2,3,0,1,0,35
266170 ,1,0,0,0,0,0,14,7,27,0,0,0,0,1,1,3,1,3,0,0,2,1,2,2,2,1,1,1,1,1,0,0,44
293630 ,0,1,0,0,0,0,23,4,33,0,1,0,0,1,1,8,5,2,0,0,3,3,5,5,3,1,3,2,5,0,0,0,47
315810 ,0,0,1,0,0,0,9,7,33,0,0,0,0,1,1,3,2,1,0,0,1,1,1,4,3,5,1,2,3,1,0,0,56
197790 ,0,0,0,1,0,0,31,5,29,0,0,0,0,0,1,5,2,2,0,0,2,4,1,2,1,1,2,4,1,0,0,0,46
237210 ,1,0,0,0,0,0,52,4,46,0,0,1,1,0,1,10,2,5,0,0,3,4,1,3,4,1,2,2,2,1,0,0,32
238200 ,0,0,1,0,0,1,39,10,39,0,1,1,1,1,1,8,1,5,0,0,4,4,4,3,2,5,4,3,3,1,0,0,54
491770 ,1,0,0,0,0,0,41,13,36,0,0,1,1,1,0,4,1,1,0,0,2,4,2,3,2,3,2,3,1,0,0,0,41
253580 ,1,0,0,0,0,0,38,2,29,0,1,0,0,1,1,3,6,4,0,0,3,2,4,3,2,3,2,2,2,0,0,0,35
249740 ,0,1,0,0,0,0,13,16,50,0,1,0,0,1,1,4,4,3,0,0,3,3,4,1,3,1,1,2,1,0,1,0,39
290290 ,1,0,0,0,0,0,30,2,25,0,0,0,0,1,1,8,2,4,0,0,3,5,5,3,2,1,3,3,2,0,1,0,36
289070 ,1,0,0,0,0,1,41,2,24,0,0,0,0,1,0,1,1,4,0,0,1,3,5,2,3,1,2,3,2,0,0,1,39
192940 ,0,0,0,0,0,0,20,6,50,0,1,1,1,1,1,8,2,3,0,0,3,4,1,2,4,5,5,3,2,1,1,0,56
222750 ,0,0,0,1,0,0,25,5,53,0,1,0,0,1,1,12,0,2,0,0,3,3,4,1,2,3,4,2,3,0,0,0,47
448820 ,0,0,0,1,0,0,30,5,53,0,1,1,1,1,0,14,1,3,0,0,1,3,5,5,2,4,1,2,3,1,1,0,51
255410 ,0,0,1,0,0,0,17,1,26,0,0,1,1,1,1,9,0,5,0,0,3,5,5,5,4,1,3,3,5,0,0,1,39
234930 ,0,0,0,0,0,0,37,6,32,0,0,0,0,1,1,5,1,1,0,0,1,4,5,3,2,3,5,2,1,0,0,1,22
238810 ,0,1,0,0,0,0,22,2,26,0,0,1,1,1,1,6,4,4,0,0,2,2,2,3,2,3,3,4,3,0,0,0,55
220760 ,1,0,0,0,0,0,4,6,29,0,1,0,0,1,1,14,3,5,0,0,2,2,4,5,3,1,1,1,1,1,0,0,38
246340 ,0,0,0,1,0,0,31,10,40,0,1,1,1,1,1,6,5,5,0,0,3,4,5,3,2,2,1,2,4,1,0,0,46
448390 ,0,0,0,1,0,0,14,5,27,0,1,1,1,1,1,11,2,4,0,0,2,2,3,3,2,2,4,3,1,1,1,0,48
365000 ,1,0,0,0,0,0,40,9,32,0,1,0,0,1,1,0,3,3,0,1,2,3,2,4,2,4,2,3,2,1,1,1,13
312880 ,1,0,0,0,0,0,7,3,42,0,1,0,0,1,1,0,0,5,0,0,3,3,2,2,3,3,2,2,5,0,0,0,47
347000 ,0,0,1,0,0,0,26,20,40,0,1,1,1,1,1,10,5,3,0,0,3,4,1,3,2,2,5,3,2,0,0,0,49
492880 ,1,0,0,0,0,0,58,15,39,0,0,0,0,1,1,1,3,5,1,0,4,2,2,3,2,3,2,2,4,1,0,1,55
278580 ,1,0,0,0,0,0,5,1,32,0,1,1,0,1,1,7,4,5,0,0,1,1,3,2,2,2,2,3,3,1,1,0,47
678020 ,0,0,0,1,0,0,6,8,34,1,0,1,1,1,1,3,1,4,1,0,2,3,4,3,2,2,3,5,1,1,0,0,63
315740 ,0,0,1,0,0,0,17,1,45,0,1,0,0,1,1,3,2,4,0,0,3,3,5,3,3,2,3,4,3,1,0,0,48
249710 ,0,0,1,0,0,1,16,8,29,0,0,1,1,0,1,8,1,3,1,0,4,4,1,1,2,3,5,2,4,1,0,0,65
469110 ,0,0,0,1,0,0,23,12,35,0,1,1,1,1,1,6,2,4,1,0,3,1,1,3,2,4,4,2,2,1,0,0,71
438440 ,1,0,0,0,0,1,10,0,43,0,1,1,1,1,1,53,1,2,0,0,2,4,1,2,2,4,2,3,2,0,0,0,48
222960 ,1,0,0,0,0,0,45,2,55,0,1,0,0,1,1,17,2,3,0,0,2,3,4,3,3,2,3,3,4,0,0,0,55
237970 ,0,1,0,0,0,0,63,1,24,0,1,0,0,1,1,6,0,3,1,0,3,3,1,3,4,2,3,1,2,0,1,1,31
251180 ,0,1,0,0,0,0,13,5,26,0,1,1,1,1,0,12,2,1,0,0,2,4,4,5,1,2,4,3,2,0,1,0,46
242950 ,0,1,0,0,0,0,3,1,42,0,0,1,1,1,1,5,0,5,0,0,1,4,4,2,3,1,4,2,3,0,1,0,39
352770 ,0,1,0,0,0,0,6,14,38,0,1,0,0,1,1,10,1,5,0,0,3,5,1,3,2,5,2,3,4,1,0,0,56
326200 ,0,0,0,1,0,0,40,13,33,0,1,1,1,1,1,0,0,1,1,0,3,2,1,3,2,1,4,4,3,1,0,0,59
233950 ,0,1,0,0,0,0,7,3,38,0,1,1,1,1,1,8,6,2,1,0,4,3,3,3,3,5,4,4,4,0,1,0,47
339840 ,1,0,0,0,0,0,13,4,50,0,1,1,1,1,1,4,1,1,0,0,3,3,2,1,2,4,2,3,3,0,1,0,59
433100 ,0,0,0,1,0,1,5,5,30,0,1,1,1,1,1,5,1,5,1,0,3,5,1,4,3,2,4,2,1,0,0,0,54
282920 ,1,0,0,0,0,0,36,9,29,0,0,0,0,1,1,1,4,4,0,0,4,4,2,5,2,3,1,1,3,0,1,1,25
405530 ,0,0,0,1,0,0,47,1,43,0,1,1,1,1,1,9,1,1,0,0,2,5,1,2,1,4,2,4,1,0,1,0,43
239460 ,0,0,0,1,0,0,43,1,24,0,1,0,0,0,1,9,1,5,1,0,5,2,1,2,2,2,3,1,1,0,0,0,37
243380 ,0,1,0,0,0,0,36,4,32,0,0,1,1,1,0,18,4,5,0,0,1,4,1,3,1,3,3,3,4,1,1,0,53
304870 ,0,0,1,0,0,0,22,8,30,0,1,0,0,1,0,10,0,3,0,0,2,4,3,3,3,1,5,3,1,1,0,0,45
464030 ,0,1,0,0,0,0,13,11,32,0,0,1,0,0,1,0,5,3,0,0,3,5,5,1,2,3,3,2,1,0,0,0,40
310910 ,0,0,0,1,0,0,39,3,40,0,1,0,0,1,1,16,1,2,0,0,3,4,4,3,4,4,4,2,5,1,0,1,48
205040 ,0,1,0,0,0,1,4,10,34,0,1,0,0,1,1,2,0,5,1,0,4,4,3,3,4,1,3,2,1,0,0,0,61
387610 ,0,1,0,0,0,0,43,8,54,0,1,0,0,1,0,13,0,1,0,0,3,5,3,3,4,5,3,3,3,0,0,1,36
206250 ,0,0,1,0,0,0,21,4,36,0,1,0,0,1,1,14,2,1,0,0,4,2,2,1,1,2,5,3,3,0,0,0,45
264900 ,1,0,0,0,0,0,4,2,30,0,0,0,0,1,1,0,5,4,0,0,4,3,4,4,2,2,4,4,2,0,0,0,50
305690 ,0,0,0,1,0,0,4,17,36,0,0,1,1,0,1,0,2,4,1,1,2,3,4,3,3,3,5,2,4,0,0,0,54
193280 ,1,0,0,0,0,0,98,7,38,0,0,1,1,0,1,5,4,1,1,0,3,3,3,4,4,2,2,3,1,0,0,1,42
415690 ,1,0,0,0,0,1,3,4,24,0,0,0,0,1,1,3,3,5,0,0,2,3,2,2,2,3,1,2,2,0,1,0,40
357930 ,1,0,0,0,0,0,11,15,38,0,1,0,0,1,1,11,0,2,0,0,3,5,2,4,1,5,4,2,4,1,0,0,41
221470 ,0,0,0,0,0,0,46,13,33,0,0,0,0,0,1,1,2,4,0,0,4,3,5,3,2,4,5,3,1,1,0,0,49
239380 ,0,0,1,0,0,0,1,3,28,0,1,1,1,1,1,4,1,5,0,0,2,4,4,1,1,1,2,4,1,0,0,0,60
216720 ,0,1,0,0,0,0,18,4,28,0,1,1,1,1,1,5,1,4,0,0,1,3,4,2,1,1,3,1,3,0,1,0,39
232180 ,1,0,0,0,1,0,14,9,30,0,1,0,0,1,1,2,1,5,0,0,3,3,1,3,1,4,2,2,3,1,0,0,48
231780 ,0,0,1,0,0,1,8,4,32,0,1,1,1,1,0,9,3,5,0,1,1,4,1,1,1,5,5,4,2,1,0,1,44
631730 ,0,0,0,1,0,0,2,4,49,1,1,0,0,1,1,4,0,1,0,0,2,4,4,4,2,1,4,2,3,1,0,0,49
636310 ,0,1,0,0,0,0,44,7,57,1,0,1,1,1,1,8,3,5,0,0,3,2,3,4,2,1,3,2,4,1,0,1,43
219620 ,0,1,0,0,0,0,5,1,40,0,1,0,0,1,1,6,0,2,0,0,2,3,4,5,1,2,3,3,3,1,1,0,43
295300 ,1,0,0,0,0,0,46,5,30,0,0,0,0,1,1,10,2,2,0,0,2,3,4,3,1,2,1,1,3,1,0,0,39
363750 ,0,0,0,1,0,0,8,2,38,0,0,1,1,1,1,0,1,3,0,0,1,5,4,3,1,1,3,2,2,1,0,1,26
221860 ,1,0,0,0,0,0,19,3,52,0,0,0,0,1,1,0,5,2,0,0,4,1,1,2,3,3,1,3,1,0,0,0,41
266600 ,1,0,0,0,0,0,7,3,24,0,0,1,1,1,1,7,2,3,0,0,5,3,2,5,3,3,1,1,2,1,1,0,40
238310 ,0,1,0,0,0,0,37,2,43,0,1,1,1,1,1,0,3,5,0,0,2,5,2,3,3,1,3,3,1,0,1,0,36
553980 ,0,0,0,1,1,0,4,1,34,1,1,0,0,1,0,3,2,5,0,0,2,3,2,3,1,2,4,3,4,1,1,0,43
304300 ,1,0,0,0,0,0,8,7,28,0,1,1,0,1,1,3,2,1,0,0,3,1,1,3,1,5,4,2,1,1,0,1,41
412400 ,1,0,0,0,0,0,38,13,33,0,1,1,0,1,0,10,1,5,0,0,2,4,2,2,2,3,4,3,1,1,1,0,51
230030 ,0,1,0,0,0,0,3,2,25,0,0,1,1,1,1,8,5,3,0,0,2,3,2,4,2,1,1,2,4,1,0,0,36
231060 ,0,0,0,1,0,0,24,25,50,0,1,0,0,1,1,4,5,5,0,0,3,1,3,3,3,2,4,2,4,0,1,0,53
395440 ,0,1,0,0,0,0,28,8,35,0,0,1,1,1,1,8,1,1,0,0,1,3,4,3,2,1,2,1,1,1,0,1,36
608180 ,1,0,0,0,0,0,42,12,53,1,0,1,0,1,1,2,2,1,0,0,2,4,5,3,2,3,2,4,4,0,0,0,55
401530 ,1,0,0,0,1,1,1,11,34,0,1,1,1,1,0,6,1,5,0,0,1,4,5,4,1,2,1,2,1,1,0,0,34
219200 ,0,1,0,0,0,0,24,4,40,0,1,0,0,1,1,4,4,2,1,0,5,3,4,3,5,1,1,1,4,0,0,0,38
211460 ,1,0,0,0,0,0,31,1,26,0,0,0,0,1,1,3,0,2,0,0,1,5,2,2,2,2,1,3,2,1,0,0,58
225630 ,0,1,0,0,1,0,26,4,25,0,1,1,1,1,1,0,4,3,1,0,4,3,2,3,2,1,3,5,1,1,0,0,45
368450 ,1,0,0,0,0,0,6,4,36,0,1,0,0,1,1,0,0,3,0,0,2,3,3,3,1,1,2,2,2,1,0,0,44
338960 ,1,0,0,0,0,0,60,7,47,0,1,0,0,1,1,9,2,2,0,0,4,2,5,3,2,2,3,2,3,0,1,0,29
270950 ,1,0,0,0,0,0,6,4,25,0,0,1,1,0,1,12,5,2,0,0,2,5,4,3,2,1,2,3,3,1,0,0,45
367540 ,0,0,0,1,0,1,40,4,47,0,1,1,0,1,1,12,0,3,0,0,3,3,4,3,3,2,3,2,4,1,0,0,47
283240 ,1,0,0,0,0,0,74,3,52,0,0,1,0,1,1,3,2,1,0,0,3,3,3,5,3,2,2,1,4,0,1,1,35
386570 ,0,0,1,0,0,0,27,5,30,0,1,0,0,1,1,0,2,2,0,1,2,5,5,1,2,3,4,2,1,1,0,0,33
309930 ,1,0,0,0,0,0,25,6,37,0,0,1,1,1,1,9,1,5,0,0,2,3,1,3,2,1,1,3,3,0,0,0,34
459230 ,0,1,0,0,0,0,18,2,24,0,1,1,1,1,1,9,4,4,0,0,3,5,2,3,2,2,4,3,5,0,0,0,44
238330 ,1,0,0,0,0,0,23,6,26,0,0,0,0,1,1,3,3,1,0,1,4,1,4,5,1,4,1,1,2,1,1,0,38
420350 ,0,1,0,0,0,0,16,3,45,0,1,1,0,1,0,8,3,5,0,0,1,3,5,3,3,2,3,2,5,1,1,0,51
261430 ,0,1,0,0,0,0,1,5,35,0,1,1,1,1,0,6,0,5,0,0,2,2,2,5,1,4,3,3,3,1,0,0,36
304100 ,0,0,1,0,1,0,10,8,38,0,1,0,0,1,1,11,1,1,0,0,3,1,5,5,4,5,4,4,2,1,1,0,44
623880 ,0,1,0,0,0,0,17,11,48,1,1,1,0,1,1,1,4,3,0,0,3,1,3,3,4,1,3,3,2,1,1,0,45
234860 ,1,0,0,0,0,0,32,2,27,0,0,0,0,1,1,1,3,3,0,0,4,4,2,2,3,3,4,3,4,0,1,0,61
226110 ,1,0,0,0,0,0,8,12,40,0,1,1,1,0,1,14,0,5,0,0,2,2,4,3,3,1,2,2,1,1,0,0,48
326080 ,0,0,1,0,0,1,49,26,50,0,1,0,0,1,1,6,0,5,0,0,2,2,2,3,4,4,4,5,4,0,0,0,46
376960 ,1,0,0,0,0,0,20,9,31,0,1,0,0,1,1,10,1,2,0,0,2,4,1,4,2,1,2,1,2,0,1,0,39
288810 ,0,0,0,1,0,0,40,3,37,0,1,1,1,1,1,6,0,5,0,0,4,4,3,3,3,4,4,5,3,0,1,0,52
224060 ,0,0,0,1,0,0,11,11,39,0,1,1,1,1,1,2,3,3,0,0,2,4,1,2,2,1,5,2,3,0,0,0,46
286570 ,0,0,1,0,0,0,53,5,39,0,0,1,1,1,0,7,1,2,0,0,1,4,5,2,2,4,4,3,2,1,1,0,47
427480 ,1,0,0,0,0,0,6,5,49,0,1,1,1,1,1,17,0,1,0,0,3,3,5,4,3,4,3,2,2,1,0,0,58
527880 ,0,0,0,1,0,0,7,15,41,1,1,1,1,1,1,17,5,2,0,0,2,5,3,2,3,5,4,2,4,0,0,0,51
488310 ,1,0,0,0,0,0,27,1,33,0,1,0,0,1,1,15,3,2,0,0,3,4,5,4,3,3,1,2,4,1,0,0,50
362910 ,1,0,0,0,1,0,10,14,39,0,0,1,1,1,1,15,4,5,0,0,2,3,3,1,2,1,2,2,4,0,0,0,32
313140 ,0,0,1,0,0,0,16,1,24,0,1,0,0,1,1,8,2,4,0,0,4,5,1,3,1,1,2,3,1,0,0,0,36
386140 ,0,1,0,0,0,0,21,6,36,0,1,0,0,1,0,10,0,4,0,0,1,3,4,3,2,3,3,2,4,0,0,0,54
420610 ,0,0,0,1,0,1,4,14,35,0,0,0,0,0,1,6,2,5,0,0,3,4,3,5,5,2,4,2,4,1,0,0,56
229930 ,1,0,0,0,0,0,64,8,38,0,0,0,0,1,1,1,4,1,0,0,3,3,2,3,3,1,2,2,4,0,0,1,31
578270 ,1,0,0,0,0,0,25,2,37,1,1,0,0,1,1,11,5,5,0,0,3,1,2,3,1,1,1,1,1,0,1,0,31
463950 ,1,0,0,0,1,1,12,20,40,0,0,0,0,1,1,4,2,2,0,0,3,3,4,3,4,2,3,2,1,1,0,0,50
343650 ,0,1,0,0,1,0,16,10,46,0,1,1,1,1,1,3,1,1,0,0,4,3,1,1,2,1,2,2,2,1,0,0,60
459250 ,0,1,0,0,0,0,34,4,46,0,1,1,1,1,1,1,1,5,0,0,2,5,5,3,2,1,3,3,2,1,0,0,54
482950 ,0,0,0,1,0,0,29,6,52,0,0,0,0,1,1,4,0,1,0,0,2,4,3,5,4,2,5,1,1,1,1,0,53
280070 ,1,0,0,0,0,0,11,2,21,0,0,1,1,1,1,14,1,1,0,0,3,4,2,3,1,4,2,1,4,1,0,0,46
322220 ,1,0,0,0,0,0,69,1,32,0,0,0,0,0,1,11,0,4,1,0,2,1,4,3,2,3,2,2,2,1,0,0,67
239580 ,0,1,0,0,0,0,4,3,41,0,0,0,0,1,1,2,3,4,0,0,2,3,4,3,1,5,3,1,1,1,0,0,43
409890 ,1,0,0,0,0,1,46,4,44,0,1,0,0,1,0,12,1,5,0,0,1,3,3,2,1,3,2,2,1,1,0,0,55
323800 ,0,0,0,0,0,1,21,6,27,0,0,0,0,1,1,12,2,3,1,0,5,2,4,4,3,2,5,1,4,1,0,1,42
676590 ,0,1,0,0,0,0,51,6,27,1,1,1,0,0,1,12,0,3,0,0,2,3,3,1,1,2,4,2,2,1,0,0,66
424540 ,0,0,1,0,0,1,14,5,54,0,0,0,0,1,1,3,3,3,1,0,4,4,2,2,4,5,5,5,4,1,0,0,64
210000 ,1,0,0,0,1,0,16,2,26,0,0,0,0,1,0,3,4,5,0,0,2,3,2,3,2,4,2,2,2,1,1,0,44
377070 ,1,0,0,0,0,1,32,8,42,0,1,0,0,1,0,9,0,5,0,0,2,3,4,1,2,5,1,3,2,1,0,0,56
385100 ,0,0,0,1,0,0,13,4,42,0,1,1,1,1,1,3,2,3,0,0,2,2,1,2,2,1,1,3,3,1,0,0,47
296640 ,1,0,0,0,0,0,28,1,28,0,0,0,0,1,1,7,5,4,1,0,3,3,5,5,3,4,2,5,4,0,0,0,69
260070 ,0,1,0,0,0,0,13,4,37,0,1,1,0,1,1,7,4,2,0,0,3,3,4,3,3,3,4,4,1,1,0,0,57
254070 ,0,0,0,1,0,1,14,1,22,0,0,1,0,1,1,2,3,5,0,0,2,2,1,4,1,2,5,3,2,0,0,0,67
407810 ,0,1,0,0,0,0,2,2,28,0,1,1,1,1,1,9,2,2,0,0,2,3,5,3,1,2,5,3,1,0,0,0,44
350020 ,0,1,0,0,0,0,3,2,33,0,1,1,1,1,1,0,1,3,0,0,3,4,1,4,2,2,1,2,2,0,1,0,40
258280 ,0,0,0,1,0,1,2,2,51,0,0,0,0,1,1,4,1,2,0,0,2,2,1,5,4,4,3,4,2,1,0,0,41
242430 ,1,0,0,0,1,0,17,2,41,0,0,1,1,1,0,5,1,3,0,0,1,1,3,3,2,3,2,5,4,1,0,0,57
203920 ,1,0,0,0,0,0,5,3,39,0,1,0,0,1,1,1,2,4,1,0,1,3,3,3,4,2,3,2,1,0,1,0,43
356170 ,0,1,0,0,0,1,1,35,56,0,1,1,0,0,1,9,1,5,1,0,4,3,5,3,2,2,2,3,4,1,0,0,55
605180 ,0,0,0,0,0,0,34,14,37,1,1,1,1,1,1,11,1,5,0,0,3,3,5,5,3,4,5,4,3,1,1,0,68
367190 ,0,0,0,1,0,0,39,10,45,0,1,0,0,1,1,3,4,4,0,0,2,4,1,1,3,5,4,2,1,1,0,0,49
281630 ,1,0,0,0,0,1,6,3,40,0,1,1,1,1,1,2,1,5,0,0,4,5,3,3,3,2,4,2,4,1,1,1,52
468660 ,0,1,0,0,0,1,14,6,38,0,1,0,0,1,1,0,0,5,0,0,1,1,4,3,2,3,3,3,2,1,0,0,46
596530 ,0,0,0,1,0,1,27,23,43,1,1,0,0,1,1,4,2,5,0,0,2,3,2,3,3,2,5,3,2,1,1,1,69
265280 ,1,0,0,0,0,1,6,3,40,0,0,1,1,0,1,0,1,4,0,0,1,3,3,4,2,4,2,3,4,1,0,0,65
416480 ,0,0,1,0,0,0,4,12,40,0,1,1,1,1,1,8,1,4,1,0,4,3,1,5,4,3,5,5,3,1,0,0,65
368430 ,1,0,0,0,0,1,5,25,47,0,1,1,0,1,0,3,0,3,0,0,2,3,4,1,3,1,2,3,3,1,1,0,57
264020 ,1,0,0,0,0,0,10,6,30,0,1,1,1,1,1,14,0,4,1,0,4,2,1,3,2,3,1,1,2,0,0,0,32
409930 ,0,0,0,1,0,0,27,2,22,0,1,0,0,1,1,6,1,5,1,0,3,5,1,3,3,1,4,3,5,1,0,0,51
507090 ,1,0,0,0,1,0,2,16,38,1,1,0,0,1,1,0,6,3,0,0,4,3,4,3,2,1,1,3,4,1,0,0,48
205200 ,1,0,0,0,0,1,58,5,29,0,1,0,0,1,1,14,1,4,0,0,3,4,5,3,2,2,1,1,3,1,0,0,39
269070 ,0,0,0,1,1,0,44,4,34,0,0,0,0,0,1,2,2,5,0,0,1,4,2,3,2,2,5,2,4,1,0,1,39
274390 ,0,0,0,1,0,0,2,6,27,0,0,0,0,1,1,12,5,5,0,0,3,3,2,3,2,1,1,1,2,0,0,0,28
236870 ,0,0,0,0,0,0,34,4,26,0,1,0,0,1,0,8,1,1,0,1,1,4,5,2,1,1,2,1,1,1,0,0,41
560950 ,0,1,0,0,0,1,3,15,39,1,0,1,1,1,1,5,0,5,0,0,5,4,4,1,2,1,2,1,5,1,0,0,44
274600 ,0,0,0,1,0,0,10,4,40,0,1,0,0,1,1,6,1,1,0,0,1,2,1,1,1,3,4,3,2,1,0,0,50
219540 ,0,0,0,1,0,0,2,3,56,0,1,0,0,0,0,11,1,5,0,0,1,3,1,5,1,2,4,2,1,1,0,0,57
678290 ,1,0,0,0,0,1,3,2,37,1,0,0,0,1,1,12,0,5,0,0,2,2,5,3,3,2,3,2,4,0,0,0,52
230430 ,1,0,0,0,0,0,8,4,32,0,0,0,0,1,1,6,1,4,0,0,3,2,3,5,1,1,1,1,1,0,0,0,39
217930 ,1,0,0,0,0,0,2,11,47,0,0,0,0,1,1,1,5,5,0,0,2,1,4,3,3,1,3,1,2,1,0,0,59
209440 ,0,0,0,1,0,0,14,11,37,0,1,1,1,1,1,10,2,2,0,0,3,3,1,4,2,3,5,4,5,0,0,0,49
236220 ,1,0,0,0,0,0,10,4,36,0,1,0,0,0,1,3,3,4,0,0,2,3,3,2,3,1,3,1,4,0,1,0,39
519750 ,0,1,0,0,0,0,9,1,24,1,1,0,0,1,1,2,0,2,0,0,2,4,3,4,3,5,4,2,5,1,0,1,49
458160 ,1,0,0,0,0,0,52,3,31,0,0,1,0,1,1,0,1,5,0,0,2,5,3,3,2,2,1,3,2,1,1,0,51
216590 ,1,0,0,0,0,1,18,4,51,0,1,0,0,0,1,7,1,2,0,0,2,3,2,2,1,3,2,1,2,1,0,0,50
411300 ,1,0,0,0,0,0,2,2,35,0,1,1,1,1,1,1,2,1,0,0,4,3,5,5,4,2,2,1,3,0,1,0,38
332700 ,1,0,0,0,0,0,18,2,32,0,1,1,0,1,0,4,5,3,0,0,3,5,4,5,3,2,5,1,5,1,0,1,42
265240 ,0,0,1,0,0,0,8,6,41,0,0,1,1,1,1,17,0,1,0,0,4,4,2,3,2,5,5,4,5,1,0,0,51
366180 ,1,0,0,0,0,1,5,7,39,0,1,1,1,0,1,7,2,5,0,0,2,4,5,3,1,1,2,2,1,1,0,0,61
492370 ,1,0,0,0,0,0,13,9,34,0,1,0,0,1,1,7,6,3,0,0,1,3,5,1,2,4,1,2,4,1,1,0,53
291070 ,0,1,0,0,0,0,7,8,29,0,1,0,0,0,1,1,4,5,0,0,3,2,1,4,3,5,3,1,4,1,0,0,46
519000 ,0,1,0,0,0,0,53,0,44,1,0,1,0,1,1,64,1,1,0,0,4,4,5,3,4,3,2,4,2,0,1,0,54
211330 ,0,1,0,0,0,0,16,9,39,0,0,0,0,0,1,1,1,4,0,0,4,3,4,1,1,3,2,3,2,1,0,0,64
307630 ,1,0,0,0,0,0,9,8,27,0,1,1,1,1,1,0,0,1,0,0,2,3,5,4,3,1,2,2,2,1,0,0,46
615940 ,0,0,1,0,0,0,11,2,37,1,1,0,0,1,1,11,1,1,0,0,4,2,2,2,2,2,4,3,4,1,0,0,56
264530 ,0,1,0,0,0,0,5,4,30,0,1,0,0,1,1,9,4,5,1,0,3,3,1,4,1,1,4,3,2,0,1,0,55
420250 ,1,0,0,0,0,0,6,4,37,0,0,1,1,0,0,16,0,3,0,0,1,2,1,3,1,2,2,4,4,1,0,0,70
597720 ,0,0,0,1,0,0,5,4,27,1,0,1,1,1,1,4,4,1,0,0,3,3,5,3,2,4,4,3,1,1,0,0,40
568960 ,0,0,1,0,0,1,32,3,52,1,1,0,0,0,1,2,5,5,0,0,1,1,2,3,1,5,4,3,1,1,0,1,47
245690 ,0,0,0,1,0,0,57,6,27,0,0,1,0,1,1,0,0,1,0,0,1,4,1,3,2,1,3,2,2,1,0,0,49
321630 ,0,0,1,0,0,0,36,10,33,0,1,1,1,1,1,2,0,2,0,0,3,5,1,3,3,2,2,5,2,1,0,1,31
251840 ,0,0,1,0,1,0,6,4,28,0,0,0,0,1,0,10,1,1,1,0,3,4,4,2,2,3,3,3,3,1,0,0,57
614170 ,1,0,0,0,0,0,48,6,53,1,1,0,0,1,1,8,1,2,0,1,1,3,1,1,2,2,2,1,3,0,0,0,40
499220 ,0,1,0,0,0,1,6,5,41,0,1,1,1,1,1,12,2,5,0,0,2,3,2,3,2,4,4,1,1,1,1,0,43
514710 ,0,0,0,1,0,0,1,1,57,1,1,0,0,1,1,5,3,3,0,0,2,4,4,3,4,2,4,3,4,0,1,0,54
481880 ,1,0,0,0,0,1,3,5,26,0,1,1,1,1,1,5,1,2,0,0,1,2,2,5,1,1,2,1,3,0,0,0,46
362380 ,1,0,0,0,0,0,43,5,26,0,1,1,1,1,1,5,2,2,0,0,3,3,3,3,1,2,2,2,3,1,1,0,48
475880 ,0,0,1,0,0,0,14,6,34,0,0,0,0,1,1,1,2,5,0,0,1,5,1,3,3,3,5,4,3,0,0,1,47
291180 ,1,0,0,0,0,1,19,8,46,0,0,1,1,0,1,11,5,5,1,0,4,4,3,1,4,3,1,1,3,1,0,0,42
221280 ,1,0,0,0,0,0,13,10,37,0,0,0,0,1,1,11,0,2,0,0,3,3,4,4,2,1,2,1,2,1,1,0,49
273650 ,0,1,0,0,0,0,50,1,29,0,1,1,1,1,1,75,1,5,0,0,2,5,4,3,1,2,2,4,1,0,0,0,45
261330 ,1,0,0,0,0,0,4,4,29,0,1,0,0,1,1,3,3,5,0,0,3,2,5,3,2,2,3,3,1,0,1,0,41
203510 ,1,0,0,0,0,0,27,9,49,0,1,0,0,1,1,0,4,2,0,0,2,2,1,1,4,1,4,2,4,0,1,1,50
268390 ,1,0,0,0,0,0,4,6,29,0,0,1,0,1,1,0,1,1,0,0,3,2,3,4,1,3,3,1,2,0,1,0,46
401600 ,1,0,0,0,0,0,53,10,42,0,1,1,1,1,0,2,3,5,0,0,1,2,2,3,2,1,1,3,1,1,1,0,41
277830 ,0,0,1,0,0,0,1,2,25,0,1,1,1,1,1,1,2,3,0,0,3,3,4,4,1,5,5,4,2,0,0,0,41
445800 ,1,0,0,0,0,0,25,5,29,0,1,0,0,1,1,7,1,2,0,0,2,5,4,4,2,1,1,2,3,1,0,0,46
488750 ,0,0,0,1,0,0,59,9,44,0,1,0,0,1,1,0,0,4,1,0,4,5,5,4,4,1,4,2,2,1,1,0,50
455900 ,1,0,0,0,0,0,41,6,28,0,1,0,0,1,0,1,1,4,0,0,2,1,3,3,2,2,1,3,2,1,0,0,53
246090 ,1,0,0,0,0,0,9,6,41,0,0,0,0,1,0,7,3,3,0,0,2,1,1,3,4,2,2,2,3,1,1,0,56
295280 ,0,0,0,1,0,0,49,4,40,0,1,1,1,1,1,12,3,1,1,1,2,4,4,3,2,5,4,3,4,1,0,1,56
246740 ,0,0,1,0,0,0,9,4,31,0,0,1,0,1,1,4,3,5,0,0,3,4,5,3,3,5,5,4,2,1,1,0,52
410410 ,0,0,0,1,0,0,13,4,27,0,0,1,1,0,1,4,0,5,1,0,5,3,5,5,3,1,5,2,2,1,0,0,38
333990 ,0,0,1,0,0,0,3,5,26,0,1,1,1,1,1,4,6,5,0,0,1,3,4,3,2,2,2,5,1,1,0,0,60
257970 ,0,0,0,1,0,0,3,4,38,0,0,1,1,1,1,11,1,5,0,0,3,5,2,3,1,3,3,3,2,1,0,0,52
594050 ,0,1,0,0,0,0,12,11,49,1,1,0,0,1,1,0,1,3,0,0,3,3,4,2,3,5,3,2,2,1,0,0,45
370050 ,0,0,1,0,0,0,18,2,59,0,0,1,1,1,1,4,0,3,0,0,2,4,1,4,3,2,5,2,5,1,1,0,71
229190 ,1,0,0,0,0,0,17,1,38,0,1,0,0,1,0,4,0,3,0,0,2,2,1,3,2,2,1,3,3,1,0,0,51
668560 ,0,0,0,1,0,1,4,7,32,1,1,1,1,1,0,6,3,5,0,0,3,4,1,3,2,2,3,2,4,1,1,0,59
260760 ,1,0,0,0,0,1,24,0,29,0,0,0,0,1,1,6,4,5,0,0,2,3,2,4,1,1,2,1,3,0,0,0,43
350580 ,1,0,0,0,0,0,85,9,43,0,1,0,0,1,1,0,3,2,0,0,5,3,4,4,3,4,3,1,1,0,1,0,37
261240 ,1,0,0,0,0,0,3,2,40,0,1,0,0,1,1,4,1,5,0,0,3,5,5,3,3,4,2,3,4,1,0,0,64
236030 ,0,1,0,0,0,0,20,3,29,0,0,0,0,1,1,5,1,1,0,0,3,3,5,2,2,2,3,2,4,1,0,0,57
366110 ,1,0,0,0,0,0,2,3,26,0,0,1,1,1,1,10,6,4,0,0,3,5,5,3,3,1,1,3,2,1,0,0,52
192420 ,0,0,0,1,1,1,22,3,23,0,1,1,1,1,1,10,2,2,0,0,3,4,5,3,4,3,3,2,2,1,0,0,55
241900 ,1,0,0,0,0,0,13,9,53,0,1,1,1,1,1,4,3,2,0,0,2,4,3,4,1,1,1,3,1,0,1,0,45
197590 ,0,1,0,0,0,0,22,1,37,0,1,1,0,0,1,9,1,5,0,0,2,1,1,4,1,2,3,2,4,1,0,0,58
239460 ,1,0,0,0,0,0,58,2,28,0,0,1,1,0,1,4,3,2,0,0,3,4,4,1,1,1,2,3,1,0,0,1,22
253140 ,1,0,0,0,0,1,40,4,35,0,0,0,0,1,1,2,2,3,0,0,2,3,4,3,4,1,2,2,1,1,0,1,36
277050 ,1,0,0,0,0,1,2,2,55,0,1,1,1,1,1,8,0,2,0,0,3,5,1,2,2,3,2,2,1,0,0,0,43
270620 ,1,0,0,0,1,0,1,8,37,0,1,1,1,1,1,16,0,3,0,0,1,5,1,3,1,1,3,1,4,0,1,0,40
420810 ,1,0,0,0,0,0,29,12,34,0,1,0,0,1,1,22,4,2,0,0,2,2,3,3,3,2,1,2,2,0,1,0,39
282110 ,1,0,0,0,0,0,5,2,47,0,0,0,0,1,1,2,4,1,0,0,2,3,3,3,4,1,4,1,2,0,0,0,32
240830 ,0,1,0,0,0,1,4,2,35,0,1,1,1,0,1,6,4,5,1,0,4,2,5,4,5,2,3,1,3,0,0,0,50
251050 ,0,0,0,1,1,0,13,3,28,0,0,1,1,0,1,8,1,2,0,0,1,3,1,3,1,5,3,4,2,1,0,0,70
255950 ,1,0,0,0,1,1,55,5,46,0,0,0,0,1,1,5,2,3,1,0,1,2,5,2,3,2,1,3,2,1,1,1,43
282260 ,1,0,0,0,0,0,20,2,21,0,1,0,0,1,0,5,4,4,0,0,1,1,3,1,2,2,3,1,2,0,0,0,52
352510 ,1,0,0,0,0,0,9,2,31,0,1,0,0,1,0,6,1,1,0,0,2,2,1,2,1,2,3,1,2,0,0,0,49
352890 ,1,0,0,0,0,0,20,5,26,0,0,1,0,0,0,1,1,1,1,0,3,3,4,1,3,1,4,1,1,0,0,0,44
423130 ,1,0,0,0,0,0,16,0,19,0,1,0,0,1,0,7,2,1,0,0,2,1,2,1,2,2,3,1,1,1,0,0,41
423500 ,1,0,0,0,0,0,11,2,23,0,0,0,0,1,0,5,5,3,0,0,2,2,4,1,1,2,3,2,1,1,0,0,57
353060 ,1,0,0,0,0,0,3,5,26,0,1,0,0,1,0,1,0,5,1,0,3,2,5,1,2,2,3,1,1,0,0,0,48
317960 ,1,0,0,0,0,0,18,4,35,0,0,0,0,1,0,1,0,4,1,0,1,3,1,4,1,1,4,1,1,1,0,0,52
352850 ,1,0,0,0,0,1,5,3,31,0,1,0,0,1,0,6,1,3,0,0,1,3,5,1,1,2,5,1,1,0,0,0,47
317790 ,1,0,0,0,0,1,9,3,19,0,1,0,0,1,0,4,5,4,0,0,2,1,3,3,1,1,3,1,2,0,1,0,38
423370 ,1,0,0,0,0,0,4,3,23,0,1,0,0,1,0,2,2,1,0,0,2,1,3,1,1,1,2,1,2,0,0,0,42
317540 ,1,0,0,0,0,0,12,5,26,0,1,0,0,1,0,2,1,4,0,0,1,1,3,2,1,2,3,1,2,1,0,0,37
352830 ,1,0,0,0,0,0,2,5,25,0,0,0,0,1,0,5,1,3,0,0,2,1,1,2,1,1,2,1,1,0,0,0,43
423660 ,1,0,0,0,0,1,7,1,23,0,1,0,0,1,0,3,2,5,0,0,2,1,1,4,1,2,3,1,1,1,1,0,45
387820 ,1,0,0,1,0,0,18,2,30,0,1,0,0,1,0,0,4,5,0,0,2,2,4,1,1,1,4,2,1,1,0,0,50
388180 ,0,0,0,0,0,0,19,1,30,0,1,1,0,1,0,4,5,2,0,0,1,2,2,1,1,2,3,2,1,1,1,0,46
423450 ,1,0,0,0,0,0,17,3,27,0,1,0,0,1,0,2,3,3,0,0,2,2,5,1,1,1,4,2,1,0,0,0,41
282230 ,1,0,0,0,0,0,16,5,23,0,1,0,0,1,0,0,3,3,0,0,1,1,2,3,2,1,4,2,1,1,0,0,45
387960 ,0,0,1,0,0,0,19,5,23,0,1,1,0,1,0,4,4,2,1,0,2,2,5,2,3,2,3,1,1,1,1,0,49
352850 ,1,0,0,0,0,0,18,1,22,0,1,0,0,1,0,1,2,1,0,0,2,2,1,2,1,3,4,1,1,1,0,0,55
352840 ,0,1,0,0,0,0,18,2,20,0,1,0,0,1,0,2,1,3,0,0,2,2,1,1,1,2,3,1,2,0,0,0,41
352980 ,1,0,0,0,0,0,10,1,24,0,1,0,0,1,0,2,2,5,0,0,2,1,5,1,3,1,3,2,2,1,1,0,60
